#VRML V2.0 utf8
# 3D model generated by easyeda2kicad.py (https://github.com/uPesy/easyeda2kicad.py)

Shape{
    appearance Appearance {
        material  Material 	{
            diffuseColor 1.0 1.0 1.0
            specularColor 0.5019607843137255 0.5019607843137255 0.5019607843137255
            ambientIntensity 0.2
            transparency 0
            shininess 0.5
        }
    }
    geometry IndexedFaceSet {
        ccw TRUE
        solid FALSE
        coord DEF co Coordinate {
            point [
                -0.1461 1.5354 1.1811, -0.5906 1.5354 1.1811, -0.1461 1.5354 1.1417, -0.5906 1.5354 1.1417, -0.5906 1.9685 -0.2756, 0.5906 1.9685 -0.2756, -0.5906 1.9685 1.1417, 0.5906 1.9685 0.4921, 0.5906 1.9685 1.1417, 0.5906 1.9685 1.0827, 1.1811 1.9685 1.0827, 1.1811 1.9685 0.4921, 1.6265 1.5788 1.0039, 1.6265 1.5788 0.4921, 1.4873 1.718 1.0039, 1.2089 1.9963 0.4921, 1.4873 1.718 1.0827, 1.2089 1.9963 1.0827, 1.6275 1.5797 1.0141, 1.6303 1.5825 1.0236, 1.5987 1.5509 1.0827, 1.6347 1.5869 1.0318, 1.6404 1.5927 1.038, 1.8752 1.8274 0.6569, 1.903 1.8552 0.6569, 1.8752 1.8274 1.0433, 1.903 1.8552 1.0433, 1.9021 1.8543 1.0535, 1.5987 1.5509 0.4921, 1.8993 1.8515 1.063, 1.8949 1.8471 1.0711, 1.8891 1.8413 1.0774, 1.6472 1.5994 1.042, 1.6544 1.6066 1.0433, 1.8752 1.8274 1.0827, 1.8824 1.8346 1.0813, -0.5906 1.5354 -0.315, -0.5906 1.5354 -0.2756, -0.5906 1.9685 -0.315, -0.5906 1.9787 -0.3136, -0.5906 1.9882 -0.3097, -0.5906 2.0079 1.1811, -0.5906 2.0079 -0.2756, -0.5906 2.0065 -0.2858, -0.5906 2.0026 -0.2953, -0.5906 1.9963 -0.3034, 0.5906 2.0079 0.4921, 0.5906 2.0079 -0.2756, 0.5906 2.0079 1.1811, 0.5906 2.0079 1.0827, 1.1811 2.0079 1.0827, 1.1811 2.0079 0.4921, 1.1913 2.0065 1.0827, 1.2008 2.0026 1.0827, 1.736 1.9666 1.0827, 0.5906 1.5354 1.1417, 0.5906 1.5354 1.1811, 1.1913 2.0065 0.4921, 1.2008 2.0026 0.4921, 0.5906 1.5354 -0.2756, 0.5906 1.5354 -0.315, 0.5906 1.9685 -0.315, 0.5906 1.9963 -0.3034, 0.5906 2.0026 -0.2953, 0.5906 2.0065 -0.2858, 0.5906 1.9787 -0.3136, 0.5906 1.9882 -0.3097, 1.736 1.9666 1.0433, 1.736 1.9666 0.6569, 1.5152 1.7458 1.0433, 1.7638 1.9944 1.0433, 1.7638 1.9944 0.6569, 1.4883 1.7189 1.0141, 1.508 1.7386 1.042, 1.5012 1.7319 1.038, 1.7629 1.9935 1.0535, 1.7601 1.9907 1.063, 1.4955 1.7261 1.0318, 1.4911 1.7217 1.0236, 1.7432 1.9738 1.0813, 1.7499 1.9805 1.0774, 1.7557 1.9863 1.0711, 1.7557 1.9863 1.0711
            ]
        }
        coordIndex [
            0,1,2,-1,2,1,3,-1,4,5,6,-1,6,5,7,-1,8,6,9,-1,9,6,7,-1,9,7,10,-1,10,7,11,-1,12,13,14,-1,14,13,15,-1,14,15,16,-1,16,15,17,-1,18,19,20,-1,20,19,21,-1,20,21,22,-1,23,24,25,-1,25,24,26,-1,25,26,27,-1,28,13,20,-1,20,13,12,-1,20,12,18,-1,27,29,25,-1,25,29,30,-1,25,30,31,-1,22,32,20,-1,20,32,33,-1,20,33,34,-1,34,33,25,-1,34,25,35,-1,35,25,31,-1,20,10,28,-1,28,10,11,-1,36,37,38,-1,38,37,4,-1,38,4,39,-1,39,4,40,-1,3,1,6,-1,6,1,41,-1,6,41,4,-1,4,41,42,-1,4,42,43,-1,43,44,4,-1,4,44,45,-1,4,45,40,-1,46,47,42,-1,41,48,49,-1,50,51,49,-1,49,51,46,-1,49,46,41,-1,41,46,42,-1,49,9,50,-1,50,9,10,-1,50,10,52,-1,52,10,53,-1,34,54,20,-1,20,54,16,-1,20,16,10,-1,10,16,17,-1,10,17,53,-1,9,49,8,-1,8,49,48,-1,8,48,55,-1,55,48,56,-1,13,28,15,-1,15,28,11,-1,7,46,11,-1,11,46,51,-1,51,57,11,-1,11,57,58,-1,11,58,15,-1,46,7,47,-1,47,7,5,-1,59,60,5,-1,5,60,61,-1,62,63,5,-1,5,63,64,-1,5,64,47,-1,61,65,5,-1,5,65,66,-1,5,66,62,-1,67,68,25,-1,25,68,23,-1,69,67,33,-1,33,67,25,-1,26,24,70,-1,70,24,71,-1,68,71,23,-1,23,71,24,-1,72,14,16,-1,73,74,16,-1,71,68,70,-1,70,68,67,-1,70,67,75,-1,75,67,76,-1,73,16,69,-1,74,77,16,-1,16,77,78,-1,16,78,72,-1,79,80,67,-1,67,80,81,-1,67,81,76,-1,69,16,67,-1,67,16,54,-1,67,54,79,-1,36,60,37,-1,37,60,59,-1,61,60,38,-1,38,60,36,-1,4,37,5,-1,5,37,59,-1,42,47,64,-1,42,64,43,-1,43,64,63,-1,43,63,44,-1,44,63,62,-1,44,62,45,-1,45,62,66,-1,45,66,40,-1,40,66,65,-1,40,65,39,-1,39,65,61,-1,39,61,38,-1,51,50,52,-1,51,52,57,-1,57,52,53,-1,57,53,58,-1,58,53,17,-1,58,17,15,-1,
        ]
    }
}
Shape{
    appearance Appearance {
        material  Material 	{
            diffuseColor 1.0 1.0 1.0
            specularColor 0.8784313725490196 0.8784313725490196 0.8784313725490196
            ambientIntensity 0.2
            transparency 0
            shininess 0.5
        }
    }
    geometry IndexedFaceSet {
        ccw TRUE
        solid FALSE
        coord DEF co Coordinate {
            point [
                1.5152 1.7458 1.0433, 1.6544 1.6066 1.0433, 1.508 1.7386 1.042, 1.6472 1.5994 1.042, 1.5012 1.7319 1.038, 1.6404 1.5927 1.038, 1.4955 1.7261 1.0318, 1.6347 1.5869 1.0318, 1.4911 1.7217 1.0236, 1.6303 1.5825 1.0236, 1.4883 1.7189 1.0141, 1.6275 1.5797 1.0141, 1.4873 1.718 1.0039, 1.6265 1.5788 1.0039, 1.6265 1.5788 1.0039
            ]
        }
        coordIndex [
            0,1,2,-1,2,1,3,-1,2,3,4,-1,4,3,5,-1,4,5,6,-1,6,5,7,-1,6,7,8,-1,8,7,9,-1,8,9,10,-1,10,9,11,-1,10,11,12,-1,12,11,13,-1,
        ]
    }
}
Shape{
    appearance Appearance {
        material  Material 	{
            diffuseColor 1.0 1.0 1.0
            specularColor 0.5019607843137255 0.5019607843137255 0.5019607843137255
            ambientIntensity 0.2
            transparency 0
            shininess 0.5
        }
    }
    geometry IndexedFaceSet {
        ccw TRUE
        solid FALSE
        coord DEF co Coordinate {
            point [
                1.736 1.9666 1.0827, 1.8752 1.8274 1.0827, 1.8824 1.8346 1.0813, 1.7432 1.9738 1.0813, 1.8891 1.8413 1.0774, 1.7499 1.9805 1.0774, 1.8949 1.8471 1.0711, 1.7557 1.9863 1.0711, 1.8993 1.8515 1.063, 1.7601 1.9907 1.063, 1.9021 1.8543 1.0535, 1.7629 1.9935 1.0535, 1.903 1.8552 1.0433, 1.7638 1.9944 1.0433, 0.1461 1.5354 1.1417, 0.5906 1.5354 1.1417, 0.1461 1.5354 1.1811, 0.5906 1.5354 1.1811, -0.5906 1.5354 1.1811, -0.1461 1.5354 1.1811, -0.1411 1.5732 1.1811, -0.5906 2.0079 1.1811, 0.0 1.6815 1.1811, 0.5906 2.0079 1.1811, 0.0378 1.6766 1.1811, 0.0731 1.662 1.1811, -0.1033 1.6387 1.1811, -0.0731 1.662 1.1811, -0.0378 1.6766 1.1811, 0.1033 1.6387 1.1811, 0.1265 1.6085 1.1811, 0.1411 1.5732 1.1811, -0.1265 1.6085 1.1811, 0.1411 1.5732 1.1417, 0.1033 1.6387 1.1417, 0.0731 1.662 1.1417, 0.5906 1.9685 1.1417, 0.0378 1.6766 1.1417, -0.5906 1.9685 1.1417, 0.1265 1.6085 1.1417, 0.0 1.6815 1.1417, -0.0378 1.6766 1.1417, -0.0731 1.662 1.1417, -0.1033 1.6387 1.1417, -0.1265 1.6085 1.1417, -0.5906 1.5354 1.1417, -0.1411 1.5732 1.1417, -0.1461 1.5354 1.1417, 0.1461 -1.5354 1.1811, 0.5906 -1.5354 1.1811, 0.1461 -1.5354 1.1417, 0.5906 -1.5354 1.1417, 0.5906 -1.9685 -0.2756, -0.5906 -1.9685 -0.2756, 0.5906 -1.9685 1.1417, -0.5906 -1.9685 0.4921, -0.5906 -1.9685 1.1417, -0.5906 -1.9685 1.0827, -1.1811 -1.9685 1.0827, -1.1811 -1.9685 0.4921, -1.6265 -1.5788 1.0039, -1.6265 -1.5788 0.4921, -1.4873 -1.718 1.0039, -1.2089 -1.9963 0.4921, -1.4873 -1.718 1.0827, -1.2089 -1.9963 1.0827, -1.6275 -1.5797 1.0141, -1.6303 -1.5825 1.0236, -1.5987 -1.5509 1.0827, -1.6347 -1.5869 1.0318, -1.6404 -1.5927 1.038, -1.8752 -1.8274 0.6569, -1.903 -1.8552 0.6569, -1.8752 -1.8274 1.0433, -1.903 -1.8552 1.0433, -1.9021 -1.8543 1.0535, -1.5987 -1.5509 0.4921, -1.8993 -1.8515 1.063, -1.8949 -1.8471 1.0711, -1.8891 -1.8413 1.0774, -1.6472 -1.5994 1.042, -1.6544 -1.6066 1.0433, -1.8752 -1.8274 1.0827, -1.8824 -1.8346 1.0813, 0.5906 -1.5354 -0.315, 0.5906 -1.5354 -0.2756, 0.5906 -1.9685 -0.315, 0.5906 -1.9787 -0.3136, 0.5906 -1.9882 -0.3097, 0.5906 -2.0079 1.1811, 0.5906 -2.0079 -0.2756, 0.5906 -2.0065 -0.2858, 0.5906 -2.0026 -0.2953, 0.5906 -1.9963 -0.3034, -0.5906 -2.0079 0.4921, -0.5906 -2.0079 -0.2756, -0.5906 -2.0079 1.1811, -0.5906 -2.0079 1.0827, -1.1811 -2.0079 1.0827, -1.1811 -2.0079 0.4921, -1.1913 -2.0065 1.0827, -1.2008 -2.0026 1.0827, -1.736 -1.9666 1.0827, -0.5906 -1.5354 1.1417, -0.5906 -1.5354 1.1811, -1.1913 -2.0065 0.4921, -1.2008 -2.0026 0.4921, -0.5906 -1.5354 -0.2756, -0.5906 -1.5354 -0.315, -0.5906 -1.9685 -0.315, -0.5906 -1.9963 -0.3034, -0.5906 -2.0026 -0.2953, -0.5906 -2.0065 -0.2858, -0.5906 -1.9787 -0.3136, -0.5906 -1.9882 -0.3097, -1.736 -1.9666 1.0433, -1.736 -1.9666 0.6569, -1.5152 -1.7458 1.0433, -1.7638 -1.9944 1.0433, -1.7638 -1.9944 0.6569, -1.4883 -1.7189 1.0141, -1.508 -1.7386 1.042, -1.5012 -1.7319 1.038, -1.7629 -1.9935 1.0535, -1.7601 -1.9907 1.063, -1.4955 -1.7261 1.0318, -1.4911 -1.7217 1.0236, -1.7432 -1.9738 1.0813, -1.7499 -1.9805 1.0774, -1.7557 -1.9863 1.0711, -1.7557 -1.9863 1.0711
            ]
        }
        coordIndex [
            0,1,2,-1,0,2,3,-1,3,2,4,-1,3,4,5,-1,5,4,6,-1,5,6,7,-1,7,6,8,-1,7,8,9,-1,9,8,10,-1,9,10,11,-1,11,10,12,-1,11,12,13,-1,14,15,16,-1,16,15,17,-1,18,19,20,-1,21,22,23,-1,23,22,24,-1,23,24,25,-1,26,27,21,-1,21,27,28,-1,21,28,22,-1,25,29,23,-1,23,29,30,-1,23,30,17,-1,17,30,31,-1,17,31,16,-1,18,20,21,-1,21,20,32,-1,21,32,26,-1,15,14,33,-1,34,35,36,-1,36,35,37,-1,36,37,38,-1,15,33,36,-1,36,33,39,-1,36,39,34,-1,37,40,38,-1,38,40,41,-1,38,41,42,-1,42,43,38,-1,38,43,44,-1,38,44,45,-1,45,44,46,-1,45,46,47,-1,14,16,33,-1,33,16,31,-1,33,31,39,-1,39,31,30,-1,39,30,34,-1,34,30,29,-1,34,29,35,-1,35,29,25,-1,35,25,37,-1,37,25,24,-1,37,24,40,-1,40,24,22,-1,40,22,41,-1,41,22,28,-1,41,28,42,-1,42,28,27,-1,42,27,43,-1,43,27,26,-1,43,26,44,-1,44,26,32,-1,44,32,46,-1,46,32,20,-1,46,20,47,-1,47,20,19,-1,48,49,50,-1,50,49,51,-1,52,53,54,-1,54,53,55,-1,56,54,57,-1,57,54,55,-1,57,55,58,-1,58,55,59,-1,60,61,62,-1,62,61,63,-1,62,63,64,-1,64,63,65,-1,66,67,68,-1,68,67,69,-1,68,69,70,-1,71,72,73,-1,73,72,74,-1,73,74,75,-1,76,61,68,-1,68,61,60,-1,68,60,66,-1,75,77,73,-1,73,77,78,-1,73,78,79,-1,70,80,68,-1,68,80,81,-1,68,81,82,-1,82,81,73,-1,82,73,83,-1,83,73,79,-1,68,58,76,-1,76,58,59,-1,84,85,86,-1,86,85,52,-1,86,52,87,-1,87,52,88,-1,51,49,54,-1,54,49,89,-1,54,89,52,-1,52,89,90,-1,52,90,91,-1,91,92,52,-1,52,92,93,-1,52,93,88,-1,94,95,90,-1,89,96,97,-1,98,99,97,-1,97,99,94,-1,97,94,89,-1,89,94,90,-1,97,57,98,-1,98,57,58,-1,98,58,100,-1,100,58,101,-1,82,102,68,-1,68,102,64,-1,68,64,58,-1,58,64,65,-1,58,65,101,-1,57,97,56,-1,56,97,96,-1,56,96,103,-1,103,96,104,-1,61,76,63,-1,63,76,59,-1,55,94,59,-1,59,94,99,-1,99,105,59,-1,59,105,106,-1,59,106,63,-1,94,55,95,-1,95,55,53,-1,107,108,53,-1,53,108,109,-1,110,111,53,-1,53,111,112,-1,53,112,95,-1,109,113,53,-1,53,113,114,-1,53,114,110,-1,115,116,73,-1,73,116,71,-1,117,115,81,-1,81,115,73,-1,74,72,118,-1,118,72,119,-1,116,119,71,-1,71,119,72,-1,120,62,64,-1,121,122,64,-1,119,116,118,-1,118,116,115,-1,118,115,123,-1,123,115,124,-1,121,64,117,-1,122,125,64,-1,64,125,126,-1,64,126,120,-1,127,128,115,-1,115,128,129,-1,115,129,124,-1,117,64,115,-1,115,64,102,-1,115,102,127,-1,84,108,85,-1,85,108,107,-1,109,108,86,-1,86,108,84,-1,52,85,53,-1,53,85,107,-1,90,95,112,-1,90,112,91,-1,91,112,111,-1,91,111,92,-1,92,111,110,-1,92,110,93,-1,93,110,114,-1,93,114,88,-1,88,114,113,-1,88,113,87,-1,87,113,109,-1,87,109,86,-1,99,98,100,-1,99,100,105,-1,105,100,101,-1,105,101,106,-1,106,101,65,-1,106,65,63,-1,
        ]
    }
}
Shape{
    appearance Appearance {
        material  Material 	{
            diffuseColor 1.0 1.0 1.0
            specularColor 0.8784313725490196 0.8784313725490196 0.8784313725490196
            ambientIntensity 0.2
            transparency 0
            shininess 0.5
        }
    }
    geometry IndexedFaceSet {
        ccw TRUE
        solid FALSE
        coord DEF co Coordinate {
            point [
                -1.5152 -1.7458 1.0433, -1.6544 -1.6066 1.0433, -1.508 -1.7386 1.042, -1.6472 -1.5994 1.042, -1.5012 -1.7319 1.038, -1.6404 -1.5927 1.038, -1.4955 -1.7261 1.0318, -1.6347 -1.5869 1.0318, -1.4911 -1.7217 1.0236, -1.6303 -1.5825 1.0236, -1.4883 -1.7189 1.0141, -1.6275 -1.5797 1.0141, -1.4873 -1.718 1.0039, -1.6265 -1.5788 1.0039, -1.6265 -1.5788 1.0039
            ]
        }
        coordIndex [
            0,1,2,-1,2,1,3,-1,2,3,4,-1,4,3,5,-1,4,5,6,-1,6,5,7,-1,6,7,8,-1,8,7,9,-1,8,9,10,-1,10,9,11,-1,10,11,12,-1,12,11,13,-1,
        ]
    }
}
Shape{
    appearance Appearance {
        material  Material 	{
            diffuseColor 1.0 1.0 1.0
            specularColor 0.5019607843137255 0.5019607843137255 0.5019607843137255
            ambientIntensity 0.2
            transparency 0
            shininess 0.5
        }
    }
    geometry IndexedFaceSet {
        ccw TRUE
        solid FALSE
        coord DEF co Coordinate {
            point [
                -1.736 -1.9666 1.0827, -1.8752 -1.8274 1.0827, -1.8824 -1.8346 1.0813, -1.7432 -1.9738 1.0813, -1.8891 -1.8413 1.0774, -1.7499 -1.9805 1.0774, -1.8949 -1.8471 1.0711, -1.7557 -1.9863 1.0711, -1.8993 -1.8515 1.063, -1.7601 -1.9907 1.063, -1.9021 -1.8543 1.0535, -1.7629 -1.9935 1.0535, -1.903 -1.8552 1.0433, -1.7638 -1.9944 1.0433, -0.1461 -1.5354 1.1417, -0.5906 -1.5354 1.1417, -0.1461 -1.5354 1.1811, -0.5906 -1.5354 1.1811, 0.5906 -1.5354 1.1811, 0.1461 -1.5354 1.1811, 0.1411 -1.5732 1.1811, 0.5906 -2.0079 1.1811, 0.1033 -1.6387 1.1811, 0.0731 -1.662 1.1811, 0.0378 -1.6766 1.1811, -0.0 -1.6815 1.1811, -0.5906 -2.0079 1.1811, -0.0378 -1.6766 1.1811, -0.0731 -1.662 1.1811, -0.1033 -1.6387 1.1811, -0.1265 -1.6085 1.1811, -0.1411 -1.5732 1.1811, 0.1265 -1.6085 1.1811, -0.1411 -1.5732 1.1417, -0.1033 -1.6387 1.1417, -0.0731 -1.662 1.1417, -0.5906 -1.9685 1.1417, -0.0378 -1.6766 1.1417, 0.5906 -1.9685 1.1417, -0.0 -1.6815 1.1417, 0.0378 -1.6766 1.1417, 0.0731 -1.662 1.1417, -0.1265 -1.6085 1.1417, 0.1033 -1.6387 1.1417, 0.1265 -1.6085 1.1417, 0.5906 -1.5354 1.1417, 0.1411 -1.5732 1.1417, 0.1461 -1.5354 1.1417, 0.1461 -1.5354 1.1417
            ]
        }
        coordIndex [
            0,1,2,-1,0,2,3,-1,3,2,4,-1,3,4,5,-1,5,4,6,-1,5,6,7,-1,7,6,8,-1,7,8,9,-1,9,8,10,-1,9,10,11,-1,11,10,12,-1,11,12,13,-1,14,15,16,-1,16,15,17,-1,18,19,20,-1,21,22,23,-1,23,24,21,-1,21,24,25,-1,21,25,26,-1,26,25,27,-1,26,27,28,-1,28,29,26,-1,26,29,30,-1,26,30,17,-1,17,30,31,-1,17,31,16,-1,18,20,21,-1,21,20,32,-1,21,32,22,-1,15,14,33,-1,34,35,36,-1,36,35,37,-1,36,37,38,-1,37,39,38,-1,38,39,40,-1,38,40,41,-1,15,33,36,-1,36,33,42,-1,36,42,34,-1,41,43,38,-1,38,43,44,-1,38,44,45,-1,45,44,46,-1,45,46,47,-1,14,16,33,-1,33,16,31,-1,33,31,42,-1,42,31,30,-1,42,30,34,-1,34,30,29,-1,34,29,35,-1,35,29,28,-1,35,28,37,-1,37,28,27,-1,37,27,39,-1,39,27,25,-1,39,25,40,-1,40,25,24,-1,40,24,41,-1,41,24,23,-1,41,23,43,-1,43,23,22,-1,43,22,44,-1,44,22,32,-1,44,32,46,-1,46,32,20,-1,46,20,47,-1,47,20,19,-1,
        ]
    }
}
Shape{
    appearance Appearance {
        material  Material 	{
            diffuseColor 0.5019607843137255 0.5019607843137255 0.5019607843137255
            specularColor 0.25098039215686274 0.25098039215686274 0.25098039215686274
            ambientIntensity 0.2
            transparency 0
            shininess 0.5
        }
    }
    geometry IndexedFaceSet {
        ccw TRUE
        solid FALSE
        coord DEF co Coordinate {
            point [
                0.24 0.4658 1.1811, 0.2406 0.4772 1.1811, 0.204 0.4772 1.1811, -0.84 -1.1901 1.1811, -0.6835 -1.2853 1.1811, -0.6835 -0.5045 1.1811, 0.1497 0.2683 1.1811, 0.1274 0.2354 1.1811, 0.204 0.1358 1.1811, 0.108 0.4772 1.1811, 0.1319 0.453 1.1811, 0.155 0.4131 1.1811, 0.0967 0.2086 1.1811, 0.0611 0.1901 1.1811, -0.0406 0.1358 1.1811, 0.0159 0.1777 1.1811, -0.0231 0.1748 1.1811, 0.1657 0.376 1.1811, 0.168 0.3476 1.1811, 0.1628 0.3032 1.1811, 0.1016 0.7405 1.1811, 0.1246 0.7166 1.1811, 0.204 1.4389 1.1811, 0.1039 0.4814 1.1811, 0.1489 0.5956 1.1811, 0.1348 0.5633 1.1811, -0.0406 1.4533 1.1811, -0.0159 0.7797 1.1811, 0.0994 1.4533 1.1811, 0.032 0.7743 1.1811, 0.072 0.7596 1.1811, 0.1142 0.5362 1.1811, 0.0842 0.5109 1.1811, 0.0693 0.5018 1.1811, 0.1421 0.6868 1.1811, 0.1512 0.6568 1.1811, 0.1536 0.6299 1.1811, -0.1668 0.6997 1.1811, -0.1459 0.7279 1.1811, -0.2461 1.4331 1.1811, -0.1384 0.4824 1.1811, -0.0998 0.5018 1.1811, -0.1375 0.5286 1.1811, -0.1797 0.6687 1.1811, -0.2461 0.4772 1.1811, -0.1849 0.6299 1.1811, -0.1184 0.7507 1.1811, -0.085 0.7676 1.1811, -0.0994 1.4533 1.1811, -0.042 0.7781 1.1811, -0.0406 0.7782 1.1811, -0.1617 0.5564 1.1811, -0.1765 0.5845 1.1811, -0.1836 0.6121 1.1811, -0.195 0.4206 1.1811, -0.1711 0.4542 1.1811, -0.1444 0.4772 1.1811, -0.2019 0.2832 1.1811, -0.2461 0.1358 1.1811, -0.1827 0.2482 1.1811, -0.1569 0.22 1.1811, -0.2122 0.3237 1.1811, -0.2137 0.3476 1.1811, -0.2084 0.3877 1.1811, -0.0406 0.1767 1.1811, -0.076 0.1805 1.1811, -0.1202 0.1961 1.1811, -0.0406 -0.5045 1.1811, -0.1018 -0.5009 1.1811, -0.1738 -0.5009 1.1811, -0.1721 -0.048 1.1811, -0.1681 0.0105 1.1811, -0.17 0.0105 1.1811, -0.6835 0.1358 1.1811, -0.6059 0.0897 1.1811, -0.6835 0.0897 1.1811, -0.4048 -0.3856 1.1811, -0.4021 -0.3856 1.1811, -0.4167 -0.3491 1.1811, -0.3884 -0.3487 1.1811, -0.4312 -0.3135 1.1811, -0.3741 -0.3119 1.1811, -0.2461 -0.0242 1.1811, -0.1018 0.0897 1.1811, -0.1954 0.0897 1.1811, -0.6347 -0.5009 1.1811, -0.6835 -0.5009 1.1811, -0.7068 -0.5009 1.1811, -0.7068 0.0897 1.1811, -1.4474 0.1358 1.1811, -1.4567 0.0 1.1811, -0.2461 -0.185 1.1811, -0.3827 -0.5009 1.1811, -0.2461 -0.5045 1.1811, -0.4259 -0.5009 1.1811, -0.6347 -0.1102 1.1811, -0.6352 -0.0498 1.1811, -0.6347 0.0105 1.1811, -0.637 0.0105 1.1811, -0.6273 -0.0215 1.1811, -0.6174 -0.0529 1.1811, 0.204 -0.5045 1.1811, 0.1052 -0.5009 1.1811, 0.1845 -0.5009 1.1811, 0.204 -0.1847 1.1811, 0.204 0.0249 1.1811, 0.1853 -0.2262 1.1811, 0.0206 0.0249 1.1811, 0.1325 -0.3752 1.1811, 0.2354 -0.1147 1.1811, 0.2963 0.0025 1.1811, 0.3087 0.0249 1.1811, 0.0206 0.0897 1.1811, 0.204 0.0897 1.1811, 0.4275 0.1358 1.1811, 0.3879 0.0897 1.1811, 0.3879 0.0447 1.1811, 0.4275 -0.5045 1.1811, 0.2985 -0.1331 1.1811, 0.236 -0.2891 1.1811, 0.204 -0.4029 1.1811, 0.1954 -0.4333 1.1811, 0.5012 -0.0141 1.1811, 0.5141 0.0168 1.1811, 0.8306 -0.4145 1.1811, 0.8083 -0.4474 1.1811, 1.3631 -0.5045 1.1811, 0.7776 -0.4742 1.1811, 0.4859 -0.2622 1.1811, 0.5098 -0.2286 1.1811, 0.5424 -0.2004 1.1811, 0.581 -0.181 1.1811, 0.5434 -0.1542 1.1811, 0.7824 0.0577 1.1811, 0.8055 0.0338 1.1811, 1.4474 0.1358 1.1811, 0.7501 -0.181 1.1811, 0.7847 -0.2014 1.1811, 0.765 -0.1719 1.1811, 0.7951 -0.1466 1.1811, 0.8127 -0.2298 1.1811, 1.4431 -0.1984 1.1811, 0.479 -0.3996 1.1811, 0.4982 -0.4346 1.1811, 0.524 -0.4628 1.1811, 0.4687 -0.3591 1.1811, 0.4671 -0.3352 1.1811, 0.4725 -0.2951 1.1811, 0.5349 0.0451 1.1811, 0.5625 0.0679 1.1811, 0.5959 0.0848 1.1811, 0.7528 0.0768 1.1811, 0.6246 -0.5045 1.1811, 0.6049 -0.5023 1.1811, 0.5606 -0.4867 1.1811, 0.6389 0.0953 1.1811, 0.665 0.0969 1.1811, 0.7129 0.0915 1.1811, 0.5192 -0.1264 1.1811, 0.5043 -0.0983 1.1811, 0.4972 -0.0707 1.1811, 0.4959 -0.0529 1.1811, 0.823 0.004 1.1811, 0.8321 -0.026 1.1811, 1.4567 0.0 1.1811, 0.8344 -0.0529 1.1811, 0.8297 -0.0872 1.1811, 0.8156 -0.1195 1.1811, 0.8359 -0.2697 1.1811, 0.8466 -0.3068 1.1811, 1.4027 -0.393 1.1811, 0.8488 -0.3352 1.1811, 0.8436 -0.3796 1.1811, 0.742 -0.4928 1.1811, 0.6992 -0.5045 1.1811, 1.3361 -0.5803 1.1811, 0.84 -1.1901 1.1811, 0.9943 -1.0646 1.1811, 0.6968 -0.5051 1.1811, 1.13 -0.9193 1.1811, 1.2446 -0.7569 1.1811, 0.6702 -1.2934 1.1811, 0.6578 -0.5081 1.1811, 0.4878 -1.3726 1.1811, 0.4275 -1.3895 1.1811, 0.2964 -1.4262 1.1811, 0.204 -1.4389 1.1811, 0.0994 -1.4533 1.1811, -0.0406 -1.4533 1.1811, -0.1776 -0.0199 1.1811, -0.1876 -0.0495 1.1811, -0.1738 -0.1067 1.1811, -0.0994 -1.4533 1.1811, -0.4878 -1.3726 1.1811, -0.2964 -1.4262 1.1811, -0.2461 -1.4331 1.1811, -0.6702 -1.2934 1.1811, -1.2446 -0.7569 1.1811, -1.13 -0.9193 1.1811, -0.9943 -1.0646 1.1811, -1.4431 -0.1984 1.1811, -1.4027 -0.393 1.1811, -1.3631 -0.5045 1.1811, -1.3361 -0.5803 1.1811, -1.3361 0.5803 1.1811, -1.3727 0.4772 1.1811, -0.6835 0.4772 1.1811, -1.4027 0.393 1.1811, -1.4431 0.1984 1.1811, -0.9943 1.0646 1.1811, -0.84 1.1901 1.1811, -0.6835 1.2853 1.1811, -1.13 0.9193 1.1811, -1.2446 0.7569 1.1811, -0.4041 0.5518 1.1811, -0.369 0.5395 1.1811, -0.3145 0.6915 1.1811, -0.569 0.716 1.1811, -0.5298 0.7478 1.1811, -0.3365 0.5178 1.1811, -0.3145 0.7563 1.1811, -0.6702 1.2934 1.1811, -0.4875 0.7681 1.1811, -0.4878 1.3726 1.1811, -0.4392 0.7784 1.1811, -0.414 0.7797 1.1811, -0.2964 1.4262 1.1811, -0.3625 0.775 1.1811, -0.3287 0.7641 1.1811, -0.658 0.4772 1.1811, -0.655 0.5229 1.1811, -0.6372 0.6012 1.1811, -0.6068 0.6672 1.1811, -0.4485 0.5565 1.1811, -0.4816 0.6992 1.1811, -0.4791 0.5539 1.1811, -0.5108 0.6794 1.1811, -0.51 0.5451 1.1811, -0.5395 0.6472 1.1811, -0.5382 0.5289 1.1811, -0.5632 0.603 1.1811, -0.5621 0.5058 1.1811, -0.5811 0.5351 1.1811, -0.5805 0.4772 1.1811, -0.3622 0.709 1.1811, -0.4126 0.7149 1.1811, -0.4506 0.7106 1.1811, 0.3112 0.7255 1.1811, 0.3418 0.7519 1.1811, 0.3752 0.7688 1.1811, 0.2964 1.4262 1.1811, 0.4137 0.778 1.1811, 0.4275 1.3895 1.1811, 0.2444 0.5491 1.1811, 0.2595 0.6273 1.1811, 0.2844 0.688 1.1811, 0.4275 0.7789 1.1811, 0.4416 0.7797 1.1811, 0.4878 1.3726 1.1811, 0.4846 0.7752 1.1811, 0.6702 1.2934 1.1811, 0.84 1.1901 1.1811, 0.5195 0.763 1.1811, 0.5501 0.7427 1.1811, 0.9943 1.0646 1.1811, 0.5739 0.7168 1.1811, 1.13 0.9193 1.1811, 0.5987 0.6724 1.1811, 1.2446 0.7569 1.1811, 0.6195 0.599 1.1811, 1.3361 0.5803 1.1811, 0.6287 0.4977 1.1811, 1.3727 0.4772 1.1811, 0.6244 0.3992 1.1811, 0.6087 0.3232 1.1811, 0.5834 0.2648 1.1811, 0.5554 0.2271 1.1811, 0.5259 0.2021 1.1811, 0.4931 0.1856 1.1811, 0.4557 0.1765 1.1811, 0.4284 0.1748 1.1811, 0.6289 0.4797 1.1811, 0.6288 0.4772 1.1811, 1.4027 0.393 1.1811, 1.4431 0.1984 1.1811, -0.311 0.4892 1.1811, -0.3047 0.4772 1.1811, -0.2922 0.4536 1.1811, -0.5526 0.1948 1.1811, -0.5848 0.2176 1.1811, -0.611 0.2475 1.1811, -0.2992 0.277 1.1811, -0.3228 0.2405 1.1811, -0.353 0.2112 1.1811, -0.387 0.1908 1.1811, -0.4274 0.1783 1.1811, -0.4669 0.1748 1.1811, -0.5176 0.181 1.1811, -0.6363 0.2947 1.1811, -0.6554 0.3692 1.1811, -0.6602 0.4422 1.1811, -0.2805 0.4061 1.1811, -0.2785 0.3733 1.1811, -0.2841 0.3199 1.1811, -0.5853 0.4772 1.1811, -0.5856 0.4723 1.1811, -0.5837 0.4723 1.1811, 0.3226 0.2111 1.1811, 0.2935 0.243 1.1811, 0.4275 0.1748 1.1811, 0.3864 0.1793 1.1811, 0.3522 0.1915 1.1811, 0.2677 0.2907 1.1811, 0.2476 0.3649 1.1811, 0.24 0.4648 1.1811, 0.1458 0.0801 -0.2756, 0.1652 0.0779 -0.2756, 0.1033 -0.0677 -0.2756, 0.0997 -0.0658 -0.2756, 0.0997 -0.0874 -0.2756, 0.0805 -0.0988 -0.2756, 0.1207 -0.096 -0.2756, 0.1406 -0.0988 -0.2756, 0.3638 -0.0976 -0.2756, 0.1655 -0.0988 -0.2756, 0.263 -0.0976 -0.2756, 0.1782 -0.0975 -0.2756, 0.1972 -0.0909 -0.2756, 0.0805 1.9685 -0.2756, 1.1811 1.9685 -0.2756, 1.9685 1.1811 -0.2756, 0.1219 0.077 -0.2756, 0.0997 0.0675 -0.2756, 0.0997 0.0939 -0.2756, 0.1799 0.0726 -0.2756, 0.1936 0.0635 -0.2756, 0.2055 0.0503 -0.2756, 0.2198 -0.0013 -0.2756, 0.2178 -0.0226 -0.2756, 0.2124 -0.0395 -0.2756, 0.1686 -0.0763 -0.2756, 0.1503 -0.0784 -0.2756, 0.183 -0.071 -0.2756, 0.195 -0.0629 -0.2756, 0.2043 -0.0531 -0.2756, 0.1241 -0.0755 -0.2756, 0.2358 0.0474 -0.2756, 0.2242 0.0658 -0.2756, 0.3374 0.0993 -0.2756, 0.3638 0.0993 -0.2756, 0.2136 0.0351 -0.2756, 0.2188 0.0141 -0.2756, 0.2131 -0.0808 -0.2756, 0.2279 -0.0652 -0.2756, 0.263 -0.076 -0.2756, 0.2383 -0.0465 -0.2756, 0.3374 -0.076 -0.2756, 0.2065 0.0829 -0.2756, 0.1878 0.0937 -0.2756, 0.1658 0.1001 -0.2756, 0.2443 -0.0257 -0.2756, 0.2462 -0.0029 -0.2756, 0.2433 0.0251 -0.2756, 0.1461 0.1017 -0.2756, 0.1225 0.1001 -0.2756, 0.1485 -0.0999 -0.2756, 0.0805 -1.9667 -0.2756, 0.3079 -1.9443 -0.2756, 0.1539 -0.1 -0.2756, 1.9141 -0.4595 -0.2756, 1.8468 -0.6813 -0.2756, 1.9685 0.0 -0.2756, 1.9627 -0.0988 -0.2756, 1.9549 -0.2314 -0.2756, 1.754 -0.8937 -0.2756, 1.6368 -1.0936 -0.2756, 1.4969 -1.2784 -0.2756, 1.3362 -1.4455 -0.2756, 1.1571 -1.5926 -0.2756, 0.9619 -1.7175 -0.2756, 0.7533 -1.8187 -0.2756, 0.5343 -1.8946 -0.2756, -0.2556 -0.0976 -0.2756, -0.2313 -0.0436 -0.2756, -0.22 -0.0612 -0.2756, -0.0443 -0.0976 -0.2756, 0.0613 -0.0976 -0.2756, 0.0613 0.0993 -0.2756, 0.0 1.9685 -0.2756, -0.0395 0.0777 -0.2756, 0.0349 0.0777 -0.2756, 0.0349 0.0129 -0.2756, -0.2038 -0.0767 -0.2756, -0.1833 -0.0887 -0.2756, -0.1606 -0.0954 -0.2756, -0.2314 1.9549 -0.2756, -0.0395 0.0993 -0.2756, -0.4595 1.9141 -0.2756, -0.33 0.0993 -0.2756, -0.3564 0.0993 -0.2756, -1.2784 1.4969 -0.2756, -1.0936 1.6368 -0.2756, -0.0827 0.0993 -0.2756, -0.0347 0.0129 -0.2756, -0.0347 -0.0088 -0.2756, 0.0349 -0.0088 -0.2756, 0.0349 -0.076 -0.2756, -0.0443 -0.076 -0.2756, -0.0827 -0.0976 -0.2756, -0.1362 -0.0976 -0.2756, -0.8937 1.754 -0.2756, -0.6813 1.8468 -0.2756, -0.1897 0.0881 -0.2756, -0.2112 0.0738 -0.2756, -0.4332 -0.0976 -0.2756, -0.4044 -0.0976 -0.2756, -0.2114 0.0736 -0.2756, -0.2253 0.0582 -0.2756, -0.2344 0.0412 -0.2756, -0.1383 0.0993 -0.2756, -0.1667 0.0962 -0.2756, -0.2397 0.0218 -0.2756, -0.2412 0.0033 -0.2756, -0.2384 -0.023 -0.2756, -1.9635 -0.0988 -0.2756, -1.967 0.0773 -0.2756, -1.9443 0.3079 -0.2756, -1.8946 0.5343 -0.2756, -1.8187 0.7533 -0.2756, -1.7175 0.9619 -0.2756, -1.5926 1.1571 -0.2756, -1.4455 1.3362 -0.2756, -0.3845 -0.0424 -0.2756, -0.3032 -0.0424 -0.2756, -0.2844 -0.0976 -0.2756, 0.0773 -1.967 -0.2756, -0.1544 -1.9624 -0.2756, -0.384 -1.9307 -0.2756, -0.6083 -1.8722 -0.2756, -0.8241 -1.7877 -0.2756, -1.7877 -0.8241 -0.2756, -1.8722 -0.6083 -0.2756, -1.9307 -0.384 -0.2756, -1.0285 -1.6784 -0.2756, -1.2187 -1.5459 -0.2756, -1.3919 -1.3919 -0.2756, -1.5459 -1.2187 -0.2756, -1.6784 -1.0285 -0.2756, -1.9624 -0.1544 -0.2756, -1.9685 0.0 0.0, -1.9685 0.6796 0.0, -1.967 0.0773 0.0, -1.9443 0.3079 0.0, 0.0 1.9685 0.0, -0.2314 1.9549 0.0, -0.5678 1.9685 0.0, -0.4595 1.9141 0.0, -0.776 1.8989 0.0, -0.6813 1.8468 0.0, -0.9757 1.8077 0.0, -0.8937 1.754 0.0, -1.1647 1.6961 0.0, -1.0936 1.6368 0.0, -1.341 1.5653 0.0, -1.2784 1.4969 0.0, -1.5025 1.4166 0.0, -1.4455 1.3362 0.0, -1.6475 1.2518 0.0, -1.5926 1.1571 0.0, -1.7744 1.0727 0.0, -1.7175 0.9619 0.0, -1.8818 0.8813 0.0, -1.8187 0.7533 0.0, -1.8946 0.5343 0.0, 1.378 -1.9685 0.0, 0.0 -1.9685 0.0, 0.0773 -1.967 0.0, 0.3079 -1.9443 0.0, 0.5343 -1.8946 0.0, 0.7533 -1.8187 0.0, 1.8468 -0.6813 0.0, 1.9141 -0.4595 0.0, 1.9685 -1.378 0.0, 1.9549 -0.2314 0.0, 1.9685 0.0 0.0, 1.7955 -1.7955 0.0, 1.706 -1.869 0.0, 1.3362 -1.4455 0.0, 1.4969 -1.2784 0.0, 1.6368 -1.0936 0.0, 1.754 -0.8937 0.0, 0.9619 -1.7175 0.0, 1.1571 -1.5926 0.0, 1.4932 -1.9572 0.0, 1.6039 -1.9236 0.0, 1.9572 -1.4932 0.0, 1.9236 -1.6039 0.0, 1.869 -1.706 0.0, 1.9685 1.1811 1.1417, 1.9685 -1.378 1.1417, -0.5678 1.9685 -0.2756, -1.378 1.9685 -0.2756, -1.378 1.9685 1.1417, 1.1811 1.9685 1.1417, -1.9685 1.378 -0.2756, -1.9685 0.6796 -0.2756, -1.9685 1.378 1.1417, -1.9685 -1.1811 1.1417, -1.9685 -1.1811 0.0, 1.378 -1.9685 1.1417, -1.1811 -1.9685 1.1417, -1.1811 -1.9685 0.0, -0.4666 -1.5041 1.1417, -0.6629 -1.4285 1.1417, 1.5748 0.0 1.1417, 1.5608 -0.2099 1.1417, 1.5188 -0.4161 1.1417, -1.4877 0.5166 1.1417, -1.4055 0.7103 1.1417, -1.2983 -0.8913 1.1417, -1.4055 -0.7103 1.1417, -1.4877 -0.5166 1.1417, -1.5432 -0.3137 1.1417, 0.3651 -1.5319 1.1417, 0.1576 -1.5669 1.1417, -0.0526 -1.5739 1.1417, -0.2619 -1.5529 1.1417, -0.8474 -1.3274 1.1417, -1.0167 -1.2026 1.1417, -1.168 -1.0564 1.1417, -1.5713 -0.1052 1.1417, -1.5713 0.1052 1.1417, -1.5432 0.3137 1.1417, 0.9341 -1.2678 1.1417, 0.7568 -1.381 1.1417, 0.566 -1.4696 1.1417, -0.8474 1.3274 1.1417, -0.6629 1.4285 1.1417, -0.4666 1.5041 1.1417, 1.4932 -1.9572 1.1417, 1.6039 -1.9236 1.1417, 1.0948 -1.132 1.1417, 1.706 -1.869 1.1417, 1.7955 -1.7955 1.1417, 0.7568 1.381 1.1417, 0.566 1.4696 1.1417, 0.3651 1.5319 1.1417, 1.4498 -0.6148 1.1417, 1.355 -0.8025 1.1417, 1.9572 -1.4932 1.1417, 1.2359 -0.976 1.1417, 1.9236 -1.6039 1.1417, 1.869 -1.706 1.1417, -1.2983 0.8913 1.1417, -1.168 1.0564 1.1417, -1.0167 1.2026 1.1417, -0.2619 1.5529 1.1417, -0.0526 1.5739 1.1417, 0.1576 1.5669 1.1417, 0.9341 1.2678 1.1417, 1.0948 1.132 1.1417, 1.2359 0.976 1.1417, 1.355 0.8025 1.1417, 1.4498 0.6148 1.1417, 1.5188 0.4161 1.1417, 1.5608 0.2099 1.1417, -0.6083 -1.8722 0.0, -0.384 -1.9307 0.0, -0.1544 -1.9624 0.0, -1.2187 -1.5459 0.0, -1.0285 -1.6784 0.0, -0.8241 -1.7877 0.0, -1.9624 -0.1544 0.0, -1.9307 -0.384 0.0, -1.8722 -0.6083 0.0, -1.5459 -1.2187 0.0, -1.3919 -1.3919 0.0, -1.7877 -0.8241 0.0, -1.6784 -1.0285 0.0, 1.5748 -0.0 0.5512, 1.5608 0.2099 0.5512, 1.5188 0.4161 0.5512, 1.4498 0.6148 0.5512, 1.355 0.8025 0.5512, 1.2359 0.976 0.5512, 1.0948 1.132 0.5512, 0.9341 1.2678 0.5512, 0.7568 1.381 0.5512, 0.566 1.4696 0.5512, 0.3651 1.5319 0.5512, 0.1576 1.5669 0.5512, -0.0526 1.5739 0.5512, -0.2619 1.5529 0.5512, -0.4666 1.5041 0.5512, -0.6629 1.4285 0.5512, -0.8474 1.3274 0.5512, -1.0167 1.2026 0.5512, -1.168 1.0564 0.5512, -1.2983 0.8913 0.5512, -1.4055 0.7103 0.5512, -1.4877 0.5166 0.5512, -1.5432 0.3137 0.5512, -1.5713 0.1052 0.5512, -1.5713 -0.1052 0.5512, -1.5432 -0.3137 0.5512, -1.4877 -0.5166 0.5512, -1.4055 -0.7103 0.5512, -1.2983 -0.8913 0.5512, -1.168 -1.0564 0.5512, -1.0167 -1.2026 0.5512, -0.8474 -1.3274 0.5512, -0.6629 -1.4285 0.5512, -0.4666 -1.5041 0.5512, -0.2619 -1.5529 0.5512, -0.0526 -1.5739 0.5512, 0.1576 -1.5669 0.5512, 0.3651 -1.5319 0.5512, 0.566 -1.4696 0.5512, 0.7568 -1.381 0.5512, 0.9341 -1.2678 0.5512, 1.0948 -1.132 0.5512, 1.2359 -0.976 0.5512, 1.355 -0.8025 0.5512, 1.4498 -0.6148 0.5512, 1.5188 -0.4161 0.5512, 1.5608 -0.2099 0.5512, -1.4961 0.0 0.5512, -1.4821 -0.2037 0.5512, -1.4406 -0.4036 0.5512, -1.3722 -0.596 0.5512, -1.2783 -0.7773 0.5512, -1.1605 -0.9441 0.5512, -1.0211 -1.0934 0.5512, -0.8627 -1.2222 0.5512, -0.6883 -1.3283 0.5512, -0.501 -1.4097 0.5512, -0.3044 -1.4648 0.5512, -0.1021 -1.4926 0.5512, 0.1021 -1.4926 0.5512, 0.3044 -1.4648 0.5512, 0.501 -1.4097 0.5512, 0.6883 -1.3283 0.5512, 0.8627 -1.2222 0.5512, 1.0211 -1.0934 0.5512, 1.1605 -0.9441 0.5512, 1.2783 -0.7773 0.5512, 1.3722 -0.596 0.5512, 1.4406 -0.4036 0.5512, 1.4821 -0.2037 0.5512, 1.4961 0.0 0.5512, 1.4821 0.2037 0.5512, 1.4406 0.4036 0.5512, 1.3722 0.596 0.5512, 1.2783 0.7773 0.5512, 1.1605 0.9441 0.5512, 1.0211 1.0934 0.5512, 0.8627 1.2222 0.5512, 0.6883 1.3283 0.5512, 0.501 1.4097 0.5512, 0.3044 1.4648 0.5512, 0.1021 1.4926 0.5512, -0.1021 1.4926 0.5512, -0.3044 1.4648 0.5512, -0.501 1.4097 0.5512, -0.6883 1.3283 0.5512, -0.8627 1.2222 0.5512, -1.0211 1.0934 0.5512, -1.1605 0.9441 0.5512, -1.2783 0.7773 0.5512, -1.3722 0.596 0.5512, -1.4406 0.4036 0.5512, -1.4821 0.2037 0.5512, 1.4961 0.0 1.1417, 1.4821 0.2037 1.1417, 1.4406 0.4036 1.1417, 1.3722 0.596 1.1417, 1.2783 0.7773 1.1417, 1.1605 0.9441 1.1417, 1.0211 1.0934 1.1417, 0.8627 1.2222 1.1417, 0.6883 1.3283 1.1417, 0.501 1.4097 1.1417, 0.3044 1.4648 1.1417, 0.1021 1.4926 1.1417, -0.1021 1.4926 1.1417, -0.3044 1.4648 1.1417, -0.501 1.4097 1.1417, -0.6883 1.3283 1.1417, -0.8627 1.2222 1.1417, -1.0211 1.0934 1.1417, -1.1605 0.9441 1.1417, -1.2783 0.7773 1.1417, -1.3722 0.596 1.1417, -1.4406 0.4036 1.1417, -1.4821 0.2037 1.1417, -1.4961 0.0 1.1417, -1.4821 -0.2037 1.1417, -1.4406 -0.4036 1.1417, -1.3722 -0.596 1.1417, -1.2783 -0.7773 1.1417, -1.1605 -0.9441 1.1417, -1.0211 -1.0934 1.1417, -0.8627 -1.2222 1.1417, -0.6883 -1.3283 1.1417, -0.501 -1.4097 1.1417, -0.3044 -1.4648 1.1417, -0.1021 -1.4926 1.1417, 0.1021 -1.4926 1.1417, 0.3044 -1.4648 1.1417, 0.501 -1.4097 1.1417, 0.6883 -1.3283 1.1417, 0.8627 -1.2222 1.1417, 1.0211 -1.0934 1.1417, 1.1605 -0.9441 1.1417, 1.2783 -0.7773 1.1417, 1.3722 -0.596 1.1417, 1.4406 -0.4036 1.1417, 1.4821 -0.2037 1.1417, -0.776 1.8989 -0.2756, -0.9757 1.8077 -0.2756, -1.1647 1.6961 -0.2756, -1.341 1.5653 -0.2756, -1.5025 1.4166 -0.2756, -1.6475 1.2518 -0.2756, -1.7744 1.0727 -0.2756, -1.8818 0.8813 -0.2756, -1.8818 0.8813 -0.2756
            ]
        }
        coordIndex [
            0,1,2,-1,3,4,5,-1,6,7,8,-1,9,10,2,-1,2,10,11,-1,7,12,8,-1,8,12,13,-1,8,13,14,-1,14,13,15,-1,14,15,16,-1,11,17,2,-1,2,17,18,-1,2,18,8,-1,8,18,19,-1,8,19,6,-1,20,21,22,-1,9,2,23,-1,23,2,24,-1,23,24,25,-1,26,27,28,-1,28,27,29,-1,28,29,22,-1,22,29,30,-1,22,30,20,-1,25,31,23,-1,23,31,32,-1,23,32,33,-1,21,34,22,-1,22,34,35,-1,22,35,2,-1,2,35,36,-1,2,36,24,-1,37,38,39,-1,40,41,42,-1,37,39,43,-1,43,39,44,-1,43,44,45,-1,38,46,39,-1,39,46,47,-1,39,47,48,-1,48,47,49,-1,48,49,26,-1,26,49,50,-1,26,50,27,-1,42,51,40,-1,40,51,52,-1,40,52,44,-1,44,52,53,-1,44,53,45,-1,54,55,44,-1,44,55,56,-1,44,56,40,-1,57,58,59,-1,59,58,60,-1,57,61,58,-1,58,61,62,-1,58,62,44,-1,44,62,63,-1,44,63,54,-1,16,64,14,-1,14,64,65,-1,14,65,58,-1,58,65,66,-1,58,66,60,-1,67,68,69,-1,70,71,72,-1,58,73,74,-1,74,73,75,-1,76,77,78,-1,78,77,79,-1,78,79,80,-1,80,79,81,-1,80,81,82,-1,68,67,83,-1,83,67,14,-1,83,14,84,-1,84,14,58,-1,84,58,82,-1,82,58,74,-1,82,74,80,-1,85,86,5,-1,5,86,87,-1,75,73,88,-1,88,73,89,-1,88,89,90,-1,91,92,93,-1,93,92,94,-1,5,93,85,-1,85,93,94,-1,85,94,95,-1,95,94,96,-1,97,98,99,-1,99,98,96,-1,99,96,100,-1,100,96,94,-1,67,101,102,-1,102,101,103,-1,104,105,106,-1,106,105,107,-1,106,107,108,-1,104,109,105,-1,105,109,110,-1,105,110,111,-1,102,108,67,-1,67,108,107,-1,67,107,14,-1,14,107,112,-1,14,112,8,-1,8,112,113,-1,8,113,114,-1,113,115,114,-1,114,115,116,-1,114,116,117,-1,117,116,118,-1,118,119,117,-1,117,119,120,-1,117,120,101,-1,101,120,121,-1,101,121,103,-1,114,122,123,-1,124,125,126,-1,126,125,127,-1,128,129,114,-1,130,131,132,-1,133,134,135,-1,136,137,138,-1,138,137,139,-1,137,140,141,-1,142,117,143,-1,143,117,144,-1,142,145,117,-1,117,145,146,-1,117,146,114,-1,114,146,147,-1,114,147,128,-1,123,148,114,-1,114,148,149,-1,114,149,150,-1,133,135,151,-1,152,153,117,-1,117,153,154,-1,117,154,144,-1,150,155,114,-1,114,155,156,-1,114,156,135,-1,135,156,157,-1,135,157,151,-1,132,158,130,-1,130,158,159,-1,130,159,129,-1,129,159,160,-1,129,160,114,-1,114,160,161,-1,114,161,122,-1,134,162,135,-1,135,162,163,-1,135,163,164,-1,164,163,165,-1,164,165,141,-1,141,165,166,-1,141,166,137,-1,137,166,167,-1,137,167,139,-1,140,168,141,-1,141,168,169,-1,141,169,170,-1,170,169,171,-1,170,171,126,-1,126,171,172,-1,126,172,124,-1,127,173,126,-1,126,173,174,-1,126,174,175,-1,176,177,178,-1,178,177,179,-1,178,179,174,-1,174,179,180,-1,174,180,175,-1,176,178,181,-1,181,178,182,-1,181,182,183,-1,183,182,152,-1,183,152,184,-1,184,152,117,-1,184,117,185,-1,185,117,101,-1,185,101,186,-1,186,101,187,-1,187,101,67,-1,187,67,188,-1,72,189,70,-1,70,189,190,-1,70,190,191,-1,191,190,91,-1,191,91,69,-1,69,91,93,-1,69,93,67,-1,67,93,192,-1,67,192,188,-1,193,194,93,-1,93,194,195,-1,93,195,192,-1,5,4,93,-1,93,4,196,-1,93,196,193,-1,197,198,5,-1,5,198,199,-1,5,199,3,-1,90,200,88,-1,88,200,201,-1,88,201,87,-1,87,201,202,-1,87,202,5,-1,5,202,203,-1,5,203,197,-1,204,205,206,-1,206,205,207,-1,206,207,73,-1,73,207,208,-1,73,208,89,-1,209,206,210,-1,210,206,211,-1,209,212,206,-1,206,212,213,-1,206,213,204,-1,214,215,216,-1,217,218,211,-1,215,219,216,-1,216,219,44,-1,216,44,220,-1,220,44,39,-1,211,218,221,-1,221,218,222,-1,221,222,223,-1,222,224,223,-1,223,224,225,-1,223,225,226,-1,226,225,227,-1,226,227,39,-1,39,227,228,-1,39,228,220,-1,229,230,206,-1,206,230,231,-1,206,231,211,-1,211,231,232,-1,211,232,217,-1,233,234,235,-1,235,234,236,-1,235,236,237,-1,237,236,238,-1,237,238,239,-1,239,238,240,-1,239,240,241,-1,241,240,242,-1,241,242,243,-1,216,244,214,-1,214,244,245,-1,214,245,233,-1,233,245,246,-1,233,246,234,-1,247,248,22,-1,22,248,249,-1,22,249,250,-1,250,249,251,-1,250,251,252,-1,1,253,2,-1,2,253,254,-1,2,254,22,-1,22,254,255,-1,22,255,247,-1,251,256,252,-1,252,256,257,-1,252,257,258,-1,258,257,259,-1,258,259,260,-1,260,259,261,-1,259,262,261,-1,261,262,263,-1,261,263,264,-1,264,263,265,-1,264,265,266,-1,266,265,267,-1,266,267,268,-1,268,267,269,-1,268,269,270,-1,270,269,271,-1,270,271,272,-1,273,274,135,-1,135,274,275,-1,135,275,276,-1,276,277,135,-1,135,277,278,-1,135,278,114,-1,114,278,279,-1,114,279,280,-1,271,281,272,-1,272,281,282,-1,272,282,283,-1,283,282,273,-1,283,273,284,-1,284,273,135,-1,219,285,44,-1,44,285,286,-1,44,286,287,-1,288,289,73,-1,73,289,290,-1,291,292,58,-1,58,292,293,-1,58,293,294,-1,294,295,58,-1,58,295,296,-1,58,296,73,-1,73,296,297,-1,73,297,288,-1,290,298,73,-1,73,298,299,-1,73,299,206,-1,206,299,300,-1,206,300,229,-1,287,301,44,-1,44,301,302,-1,44,302,58,-1,58,302,303,-1,58,303,291,-1,242,304,243,-1,243,304,305,-1,243,305,306,-1,8,307,308,-1,280,309,114,-1,114,309,310,-1,114,310,8,-1,8,310,311,-1,8,311,307,-1,308,312,8,-1,8,312,313,-1,8,313,2,-1,2,313,314,-1,2,314,0,-1,315,316,317,-1,318,319,320,-1,320,319,321,-1,320,321,322,-1,323,324,325,-1,325,324,326,-1,325,326,327,-1,328,329,330,-1,315,317,331,-1,331,317,318,-1,331,318,332,-1,332,318,328,-1,332,328,333,-1,316,334,317,-1,317,334,335,-1,317,335,336,-1,337,338,317,-1,317,338,339,-1,340,341,342,-1,342,341,343,-1,339,344,317,-1,317,344,343,-1,317,343,345,-1,345,343,341,-1,346,347,348,-1,348,347,328,-1,348,328,349,-1,349,328,330,-1,349,330,323,-1,336,350,317,-1,317,350,351,-1,317,351,337,-1,327,352,325,-1,325,352,353,-1,325,353,354,-1,354,353,355,-1,354,355,356,-1,347,357,328,-1,328,357,358,-1,328,358,359,-1,355,360,356,-1,356,360,361,-1,356,361,348,-1,348,361,362,-1,348,362,346,-1,359,363,328,-1,328,363,364,-1,328,364,333,-1,322,365,366,-1,366,365,367,-1,367,365,368,-1,367,368,324,-1,369,370,324,-1,330,371,323,-1,323,371,372,-1,323,372,324,-1,324,372,373,-1,324,373,369,-1,370,374,324,-1,324,374,375,-1,324,375,376,-1,376,377,324,-1,324,377,378,-1,324,378,379,-1,379,380,324,-1,324,380,381,-1,324,381,367,-1,382,383,384,-1,385,386,320,-1,320,386,387,-1,318,320,328,-1,328,320,387,-1,328,387,388,-1,389,390,391,-1,384,392,382,-1,382,392,393,-1,382,393,394,-1,388,387,395,-1,395,387,396,-1,395,396,397,-1,398,399,400,-1,401,396,400,-1,400,396,389,-1,402,403,404,-1,405,406,404,-1,404,406,407,-1,404,407,402,-1,402,407,385,-1,402,385,408,-1,408,385,320,-1,408,320,409,-1,401,410,396,-1,396,410,411,-1,396,411,397,-1,398,412,413,-1,414,415,320,-1,413,416,398,-1,398,416,417,-1,398,417,418,-1,391,403,389,-1,389,403,402,-1,389,402,400,-1,400,402,419,-1,400,419,398,-1,398,419,420,-1,398,420,412,-1,418,421,398,-1,398,421,422,-1,398,422,382,-1,382,422,423,-1,382,423,383,-1,424,425,399,-1,399,425,426,-1,426,427,399,-1,399,427,428,-1,399,428,429,-1,429,430,399,-1,399,430,431,-1,399,431,400,-1,432,433,415,-1,415,433,434,-1,415,434,320,-1,320,434,382,-1,320,382,409,-1,409,382,394,-1,322,366,320,-1,320,366,435,-1,320,435,436,-1,436,437,320,-1,320,437,438,-1,320,438,439,-1,440,441,320,-1,320,441,442,-1,439,443,320,-1,320,443,444,-1,320,444,445,-1,445,446,320,-1,320,446,447,-1,320,447,440,-1,399,414,424,-1,424,414,320,-1,424,320,448,-1,448,320,442,-1,449,450,451,-1,451,450,452,-1,453,454,455,-1,455,454,456,-1,455,456,457,-1,457,456,458,-1,457,458,459,-1,459,458,460,-1,459,460,461,-1,461,460,462,-1,461,462,463,-1,463,462,464,-1,463,464,465,-1,465,464,466,-1,465,466,467,-1,467,466,468,-1,467,468,469,-1,469,468,470,-1,469,470,471,-1,471,470,472,-1,471,472,450,-1,450,472,473,-1,450,473,452,-1,474,475,476,-1,476,477,474,-1,474,477,478,-1,474,478,479,-1,480,481,482,-1,482,481,483,-1,482,483,484,-1,485,486,487,-1,488,489,482,-1,482,489,490,-1,482,490,480,-1,479,491,474,-1,474,491,492,-1,474,492,493,-1,493,492,487,-1,493,487,494,-1,494,487,486,-1,482,495,488,-1,488,495,496,-1,488,496,487,-1,487,496,497,-1,487,497,485,-1,371,330,484,-1,484,330,498,-1,484,498,482,-1,482,498,499,-1,328,388,453,-1,500,501,455,-1,455,501,502,-1,455,502,453,-1,453,502,503,-1,453,503,328,-1,328,503,329,-1,504,505,506,-1,506,505,450,-1,506,450,507,-1,507,450,449,-1,507,449,508,-1,474,509,475,-1,475,509,510,-1,475,510,511,-1,512,513,510,-1,498,514,499,-1,499,514,515,-1,499,515,516,-1,517,518,506,-1,519,520,507,-1,507,520,521,-1,507,521,522,-1,523,524,509,-1,509,524,525,-1,509,525,510,-1,510,525,526,-1,510,526,512,-1,513,527,510,-1,510,527,528,-1,510,528,507,-1,507,528,529,-1,507,529,519,-1,522,530,507,-1,507,530,531,-1,507,531,506,-1,506,531,532,-1,506,532,517,-1,533,534,509,-1,509,534,535,-1,509,535,523,-1,536,537,502,-1,502,537,538,-1,509,539,533,-1,533,539,540,-1,533,540,541,-1,541,540,542,-1,541,542,543,-1,544,503,545,-1,545,503,546,-1,516,547,499,-1,499,547,548,-1,499,548,549,-1,549,548,550,-1,549,550,551,-1,551,550,541,-1,551,541,552,-1,552,541,543,-1,518,553,506,-1,506,553,554,-1,506,554,502,-1,502,554,555,-1,502,555,536,-1,538,556,502,-1,502,556,557,-1,502,557,503,-1,503,557,558,-1,503,558,546,-1,544,559,503,-1,503,559,560,-1,503,560,498,-1,560,561,498,-1,498,561,562,-1,498,562,563,-1,563,564,498,-1,498,564,565,-1,498,565,514,-1,566,567,511,-1,511,567,568,-1,511,568,475,-1,569,570,511,-1,511,570,571,-1,511,571,566,-1,449,572,508,-1,508,572,573,-1,508,573,574,-1,508,575,511,-1,511,575,576,-1,511,576,569,-1,574,577,508,-1,508,577,578,-1,508,578,575,-1,330,329,498,-1,498,329,503,-1,508,511,507,-1,507,511,510,-1,501,504,502,-1,502,504,506,-1,509,474,493,-1,509,493,539,-1,539,493,494,-1,539,494,540,-1,540,494,486,-1,540,486,542,-1,542,486,485,-1,542,485,543,-1,543,485,497,-1,543,497,552,-1,552,497,496,-1,552,496,551,-1,551,496,495,-1,551,495,549,-1,549,495,482,-1,549,482,499,-1,579,514,580,-1,580,514,565,-1,580,565,581,-1,581,565,564,-1,581,564,582,-1,582,564,563,-1,582,563,583,-1,583,563,562,-1,583,562,584,-1,584,562,561,-1,584,561,585,-1,585,561,560,-1,585,560,586,-1,586,560,559,-1,586,559,587,-1,587,559,544,-1,587,544,588,-1,588,544,545,-1,588,545,589,-1,589,545,546,-1,589,546,590,-1,590,546,558,-1,590,558,591,-1,591,558,557,-1,591,557,592,-1,592,557,556,-1,592,556,593,-1,593,556,538,-1,593,538,594,-1,594,538,537,-1,594,537,595,-1,595,537,536,-1,595,536,596,-1,596,536,555,-1,596,555,597,-1,597,555,554,-1,597,554,598,-1,598,554,553,-1,598,553,599,-1,599,553,518,-1,599,518,600,-1,600,518,517,-1,600,517,601,-1,601,517,532,-1,601,532,602,-1,602,532,531,-1,602,531,603,-1,603,531,530,-1,603,530,604,-1,604,530,522,-1,604,522,605,-1,605,522,521,-1,605,521,606,-1,606,521,520,-1,606,520,607,-1,607,520,519,-1,607,519,608,-1,608,519,529,-1,608,529,609,-1,609,529,528,-1,609,528,610,-1,610,528,527,-1,610,527,611,-1,611,527,513,-1,611,513,612,-1,612,513,512,-1,612,512,613,-1,613,512,526,-1,613,526,614,-1,614,526,525,-1,614,525,615,-1,615,525,524,-1,615,524,616,-1,616,524,523,-1,616,523,617,-1,617,523,535,-1,617,535,618,-1,618,535,534,-1,618,534,619,-1,619,534,533,-1,619,533,620,-1,620,533,541,-1,620,541,621,-1,621,541,550,-1,621,550,622,-1,622,550,548,-1,622,548,623,-1,623,548,547,-1,623,547,624,-1,624,547,516,-1,624,516,625,-1,625,516,515,-1,625,515,579,-1,579,515,514,-1,601,602,626,-1,626,602,603,-1,626,603,627,-1,627,603,604,-1,627,604,628,-1,628,604,605,-1,628,605,629,-1,629,605,606,-1,629,606,630,-1,630,606,607,-1,630,607,631,-1,631,607,608,-1,631,608,632,-1,632,608,609,-1,632,609,633,-1,633,609,610,-1,633,610,634,-1,634,610,611,-1,634,611,635,-1,635,611,612,-1,635,612,636,-1,636,612,613,-1,636,613,637,-1,637,613,614,-1,637,614,638,-1,638,614,615,-1,638,615,639,-1,639,615,616,-1,639,616,640,-1,640,616,617,-1,640,617,641,-1,641,617,618,-1,641,618,642,-1,642,618,619,-1,642,619,643,-1,643,619,620,-1,643,620,644,-1,644,620,621,-1,644,621,645,-1,645,621,622,-1,645,622,646,-1,646,622,623,-1,646,623,647,-1,647,623,624,-1,647,624,648,-1,648,624,625,-1,648,625,649,-1,649,625,579,-1,649,579,650,-1,650,579,580,-1,650,580,651,-1,651,580,581,-1,651,581,652,-1,652,581,582,-1,652,582,653,-1,653,582,583,-1,653,583,654,-1,654,583,584,-1,654,584,655,-1,655,584,585,-1,655,585,656,-1,656,585,586,-1,656,586,657,-1,657,586,587,-1,657,587,658,-1,658,587,588,-1,658,588,659,-1,659,588,589,-1,659,589,660,-1,660,589,590,-1,660,590,661,-1,661,590,591,-1,661,591,662,-1,662,591,592,-1,662,592,663,-1,663,592,593,-1,663,593,664,-1,664,593,594,-1,664,594,665,-1,665,594,595,-1,665,595,666,-1,666,595,596,-1,666,596,667,-1,667,596,597,-1,667,597,668,-1,668,597,598,-1,668,598,669,-1,669,598,599,-1,669,599,670,-1,670,599,600,-1,670,600,671,-1,671,600,601,-1,671,601,626,-1,672,650,673,-1,673,650,651,-1,673,651,674,-1,674,651,652,-1,674,652,675,-1,675,652,653,-1,675,653,676,-1,676,653,654,-1,676,654,677,-1,677,654,655,-1,677,655,678,-1,678,655,656,-1,678,656,679,-1,679,656,657,-1,679,657,680,-1,680,657,658,-1,680,658,681,-1,681,658,659,-1,681,659,682,-1,682,659,660,-1,682,660,683,-1,683,660,661,-1,683,661,684,-1,684,661,662,-1,684,662,685,-1,685,662,663,-1,685,663,686,-1,686,663,664,-1,686,664,687,-1,687,664,665,-1,687,665,688,-1,688,665,666,-1,688,666,689,-1,689,666,667,-1,689,667,690,-1,690,667,668,-1,690,668,691,-1,691,668,669,-1,691,669,692,-1,692,669,670,-1,692,670,693,-1,693,670,671,-1,693,671,694,-1,694,671,626,-1,694,626,695,-1,695,626,627,-1,695,627,696,-1,696,627,628,-1,696,628,697,-1,697,628,629,-1,697,629,698,-1,698,629,630,-1,698,630,699,-1,699,630,631,-1,699,631,700,-1,700,631,632,-1,700,632,701,-1,701,632,633,-1,701,633,702,-1,702,633,634,-1,702,634,703,-1,703,634,635,-1,703,635,704,-1,704,635,636,-1,704,636,705,-1,705,636,637,-1,705,637,706,-1,706,637,638,-1,706,638,707,-1,707,638,639,-1,707,639,708,-1,708,639,640,-1,708,640,709,-1,709,640,641,-1,709,641,710,-1,710,641,642,-1,710,642,711,-1,711,642,643,-1,711,643,712,-1,712,643,644,-1,712,644,713,-1,713,644,645,-1,713,645,714,-1,714,645,646,-1,714,646,715,-1,715,646,647,-1,715,647,716,-1,716,647,648,-1,716,648,717,-1,717,648,649,-1,717,649,672,-1,672,649,650,-1,371,484,372,-1,372,484,483,-1,372,483,373,-1,373,483,481,-1,373,481,369,-1,369,481,480,-1,369,480,370,-1,370,480,490,-1,370,490,374,-1,374,490,489,-1,374,489,375,-1,375,489,488,-1,375,488,376,-1,376,488,487,-1,376,487,377,-1,377,487,492,-1,377,492,378,-1,378,492,491,-1,378,491,379,-1,379,491,479,-1,379,479,380,-1,380,479,478,-1,380,478,381,-1,381,478,477,-1,381,477,367,-1,367,477,366,-1,366,477,476,-1,366,476,435,-1,435,476,475,-1,435,475,436,-1,475,568,436,-1,436,568,567,-1,436,567,437,-1,437,567,566,-1,437,566,438,-1,438,566,571,-1,438,571,439,-1,439,571,570,-1,439,570,443,-1,443,570,569,-1,443,569,444,-1,444,569,576,-1,444,576,445,-1,445,576,575,-1,445,575,446,-1,446,575,578,-1,446,578,447,-1,447,578,577,-1,447,577,440,-1,440,577,574,-1,440,574,441,-1,441,574,573,-1,441,573,442,-1,442,573,572,-1,442,572,448,-1,448,572,424,-1,424,572,449,-1,424,449,425,-1,449,451,425,-1,425,451,452,-1,425,452,426,-1,426,452,473,-1,426,473,427,-1,427,473,472,-1,427,472,428,-1,428,472,470,-1,428,470,429,-1,429,470,468,-1,429,468,430,-1,430,468,466,-1,430,466,431,-1,431,466,464,-1,431,464,400,-1,400,464,462,-1,400,462,401,-1,401,462,460,-1,401,460,410,-1,410,460,458,-1,410,458,411,-1,411,458,456,-1,411,456,397,-1,397,456,454,-1,397,454,395,-1,395,454,453,-1,395,453,388,-1,500,455,718,-1,718,455,457,-1,718,457,719,-1,719,457,459,-1,719,459,720,-1,720,459,461,-1,720,461,721,-1,721,461,463,-1,721,463,722,-1,722,463,465,-1,722,465,723,-1,723,465,467,-1,723,467,724,-1,724,467,469,-1,724,469,725,-1,725,469,471,-1,725,471,505,-1,505,471,450,-1,500,718,501,-1,501,718,719,-1,719,720,501,-1,501,720,721,-1,501,721,504,-1,504,721,722,-1,504,722,723,-1,723,724,504,-1,504,724,725,-1,504,725,505,-1,22,250,682,-1,90,695,696,-1,90,696,200,-1,200,696,697,-1,200,697,201,-1,201,697,202,-1,202,697,698,-1,202,698,203,-1,203,698,699,-1,203,699,197,-1,197,699,700,-1,197,700,198,-1,198,700,701,-1,198,701,199,-1,199,701,702,-1,199,702,3,-1,3,702,4,-1,4,702,703,-1,4,703,196,-1,196,703,704,-1,196,704,193,-1,193,704,705,-1,193,705,194,-1,706,192,705,-1,705,192,195,-1,705,195,194,-1,708,186,707,-1,707,186,187,-1,707,187,706,-1,706,187,188,-1,706,188,192,-1,715,180,714,-1,714,180,179,-1,714,179,713,-1,713,179,177,-1,713,177,712,-1,712,177,176,-1,712,176,711,-1,711,176,181,-1,711,181,710,-1,710,181,183,-1,710,183,709,-1,709,183,184,-1,709,184,708,-1,708,184,185,-1,708,185,186,-1,170,126,715,-1,715,126,175,-1,715,175,180,-1,672,141,717,-1,717,141,170,-1,717,170,716,-1,716,170,715,-1,674,284,673,-1,673,284,135,-1,673,135,672,-1,672,135,164,-1,672,164,141,-1,270,272,674,-1,674,272,283,-1,674,283,284,-1,674,675,270,-1,270,675,676,-1,270,676,268,-1,268,676,677,-1,268,677,266,-1,266,677,678,-1,266,678,264,-1,264,678,679,-1,264,679,261,-1,261,679,680,-1,261,680,260,-1,260,680,681,-1,260,681,258,-1,682,250,681,-1,681,250,252,-1,681,252,258,-1,22,682,28,-1,28,682,683,-1,28,683,26,-1,26,683,684,-1,26,684,48,-1,48,684,39,-1,39,684,685,-1,39,685,226,-1,226,685,686,-1,226,686,223,-1,223,686,687,-1,223,687,221,-1,221,687,211,-1,211,687,688,-1,211,688,210,-1,210,688,689,-1,210,689,209,-1,209,689,690,-1,209,690,212,-1,212,690,691,-1,212,691,213,-1,213,691,692,-1,213,692,204,-1,204,692,205,-1,205,692,693,-1,205,693,207,-1,207,693,694,-1,207,694,208,-1,695,90,694,-1,694,90,89,-1,694,89,208,-1,
        ]
    }
}
Shape{
    appearance Appearance {
        material  Material 	{
            diffuseColor 0.0 0.0 0.0
            specularColor 0.0 0.0 0.0
            ambientIntensity 0.2
            transparency 0
            shininess 0.5
        }
    }
    geometry IndexedFaceSet {
        ccw TRUE
        solid FALSE
        coord DEF co Coordinate {
            point [
                -0.3564 0.0993 -0.2752, -0.4332 -0.0976 -0.2752, -0.3564 0.0993 -0.2756, -0.4332 -0.0976 -0.2756, -0.4044 -0.0976 -0.2752, -0.4044 -0.0976 -0.2756, -0.3845 -0.0424 -0.2752, -0.3845 -0.0424 -0.2756, -0.3032 -0.0424 -0.2752, -0.3032 -0.0424 -0.2756, -0.2844 -0.0976 -0.2752, -0.2844 -0.0976 -0.2756, -0.2556 -0.0976 -0.2752, -0.2556 -0.0976 -0.2756, -0.33 0.0993 -0.2752, -0.33 0.0993 -0.2756, -0.3098 -0.0208 -0.2752, -0.3756 -0.0208 -0.2752, -0.3392 0.0615 -0.2752, -0.3411 0.0683 -0.2752, -0.3423 0.0753 -0.2752, -0.343 0.0753 -0.2752, -0.3442 0.0683 -0.2752, -0.346 0.0615 -0.2752, -0.3098 -0.0208 -0.2756, -0.3756 -0.0208 -0.2756, -0.3392 0.0615 -0.2756, -0.3411 0.0683 -0.2756, -0.3423 0.0753 -0.2756, -0.343 0.0753 -0.2756, -0.3442 0.0683 -0.2756, -0.346 0.0615 -0.2756, -0.1362 -0.0976 -0.2752, -0.0827 -0.0976 -0.2752, -0.1362 -0.0976 -0.2756, -0.0827 -0.0976 -0.2756, -0.0827 0.0993 -0.2752, -0.0827 0.0993 -0.2756, -0.1383 0.0993 -0.2752, -0.1383 0.0993 -0.2756, -0.2412 0.0033 -0.2752, -0.2412 0.0033 -0.2756, -0.2397 0.0218 -0.2756, -0.2397 0.0218 -0.2752, -0.2344 0.0412 -0.2756, -0.2344 0.0412 -0.2752, -0.2253 0.0582 -0.2756, -0.2253 0.0582 -0.2752, -0.2114 0.0736 -0.2756, -0.2114 0.0736 -0.2752, -0.2112 0.0738 -0.2756, -0.2112 0.0738 -0.2752, -0.1897 0.0881 -0.2756, -0.1897 0.0881 -0.2752, -0.1667 0.0962 -0.2756, -0.1667 0.0962 -0.2752, -0.1606 -0.0954 -0.2756, -0.1606 -0.0954 -0.2752, -0.1833 -0.0887 -0.2756, -0.1833 -0.0887 -0.2752, -0.2038 -0.0767 -0.2756, -0.2038 -0.0767 -0.2752, -0.22 -0.0612 -0.2756, -0.22 -0.0612 -0.2752, -0.2313 -0.0436 -0.2756, -0.2313 -0.0436 -0.2752, -0.2384 -0.023 -0.2756, -0.2384 -0.023 -0.2752, -0.2016 0.0501 -0.2752, -0.1921 0.0602 -0.2752, -0.1777 0.0695 -0.2752, -0.1615 0.0752 -0.2752, -0.1382 0.0777 -0.2752, -0.1091 0.0777 -0.2752, -0.1091 -0.076 -0.2752, -0.1371 -0.076 -0.2752, -0.1578 -0.074 -0.2752, -0.1744 -0.0689 -0.2752, -0.1878 -0.0609 -0.2752, -0.1989 -0.05 -0.2752, -0.2072 -0.0364 -0.2752, -0.2129 -0.0179 -0.2752, -0.2148 0.0028 -0.2752, -0.2131 0.0224 -0.2752, -0.2085 0.0379 -0.2752, -0.1382 0.0777 -0.2756, -0.1091 0.0777 -0.2756, -0.1615 0.0752 -0.2756, -0.1777 0.0695 -0.2756, -0.1921 0.0602 -0.2756, -0.2016 0.0501 -0.2756, -0.2085 0.0379 -0.2756, -0.2131 0.0224 -0.2756, -0.2148 0.0028 -0.2756, -0.2129 -0.0179 -0.2756, -0.2072 -0.0364 -0.2756, -0.1989 -0.05 -0.2756, -0.1878 -0.0609 -0.2756, -0.1744 -0.0689 -0.2756, -0.1578 -0.074 -0.2756, -0.1371 -0.076 -0.2756, -0.1091 -0.076 -0.2756, -0.0443 -0.076 -0.2752, -0.0443 -0.0976 -0.2752, -0.0443 -0.076 -0.2756, -0.0443 -0.0976 -0.2756, 0.0613 -0.0976 -0.2752, 0.0613 -0.0976 -0.2756, 0.0613 0.0993 -0.2752, 0.0613 0.0993 -0.2756, -0.0395 0.0993 -0.2752, -0.0395 0.0993 -0.2756, -0.0395 0.0777 -0.2752, -0.0395 0.0777 -0.2756, 0.0349 0.0777 -0.2752, 0.0349 0.0777 -0.2756, 0.0349 0.0129 -0.2752, 0.0349 0.0129 -0.2756, -0.0347 0.0129 -0.2752, -0.0347 0.0129 -0.2756, -0.0347 -0.0088 -0.2752, -0.0347 -0.0088 -0.2756, 0.0349 -0.0088 -0.2752, 0.0349 -0.0088 -0.2756, 0.0349 -0.076 -0.2752, 0.0349 -0.076 -0.2756, 0.0997 -0.0658 -0.2752, 0.0997 -0.0874 -0.2752, 0.0997 -0.0658 -0.2756, 0.0997 -0.0874 -0.2756, 0.1207 -0.096 -0.2752, 0.1539 -0.1 -0.2752, 0.1539 -0.1 -0.2756, 0.1485 -0.0999 -0.2756, 0.1485 -0.0999 -0.2752, 0.1406 -0.0988 -0.2756, 0.1207 -0.096 -0.2756, 0.1655 -0.0988 -0.2756, 0.1782 -0.0975 -0.2752, 0.1782 -0.0975 -0.2756, 0.1972 -0.0909 -0.2752, 0.1972 -0.0909 -0.2756, 0.2131 -0.0808 -0.2752, 0.2131 -0.0808 -0.2756, 0.2279 -0.0652 -0.2752, 0.2279 -0.0652 -0.2756, 0.2383 -0.0465 -0.2752, 0.2383 -0.0465 -0.2756, 0.2443 -0.0257 -0.2752, 0.2443 -0.0257 -0.2756, 0.2462 -0.0029 -0.2752, 0.2462 -0.0029 -0.2756, 0.1461 0.1017 -0.2752, 0.1461 0.1017 -0.2756, 0.1658 0.1001 -0.2756, 0.1658 0.1001 -0.2752, 0.1878 0.0937 -0.2756, 0.1878 0.0937 -0.2752, 0.2065 0.0829 -0.2756, 0.2065 0.0829 -0.2752, 0.2242 0.0658 -0.2756, 0.2242 0.0658 -0.2752, 0.2358 0.0474 -0.2756, 0.2358 0.0474 -0.2752, 0.2433 0.0251 -0.2756, 0.2433 0.0251 -0.2752, 0.0997 0.0939 -0.2752, 0.0997 0.0939 -0.2756, 0.1225 0.1001 -0.2756, 0.1225 0.1001 -0.2752, 0.0997 0.0675 -0.2752, 0.0997 0.0675 -0.2756, 0.1458 0.0801 -0.2752, 0.1458 0.0801 -0.2756, 0.1219 0.077 -0.2756, 0.1219 0.077 -0.2752, 0.2198 -0.0013 -0.2752, 0.2198 -0.0013 -0.2756, 0.2188 0.0141 -0.2756, 0.2188 0.0141 -0.2752, 0.2136 0.0351 -0.2756, 0.2136 0.0351 -0.2752, 0.2055 0.0503 -0.2756, 0.2055 0.0503 -0.2752, 0.1936 0.0635 -0.2756, 0.1936 0.0635 -0.2752, 0.1799 0.0726 -0.2756, 0.1799 0.0726 -0.2752, 0.1652 0.0779 -0.2756, 0.1652 0.0779 -0.2752, 0.1503 -0.0784 -0.2752, 0.1503 -0.0784 -0.2756, 0.1686 -0.0763 -0.2756, 0.1686 -0.0763 -0.2752, 0.183 -0.071 -0.2756, 0.183 -0.071 -0.2752, 0.195 -0.0629 -0.2756, 0.195 -0.0629 -0.2752, 0.2043 -0.0531 -0.2756, 0.2043 -0.0531 -0.2752, 0.2124 -0.0395 -0.2756, 0.2124 -0.0395 -0.2752, 0.2178 -0.0226 -0.2756, 0.2178 -0.0226 -0.2752, 0.1033 -0.0677 -0.2756, 0.1033 -0.0677 -0.2752, 0.1241 -0.0755 -0.2756, 0.1241 -0.0755 -0.2752, 0.263 -0.076 -0.2752, 0.263 -0.0976 -0.2752, 0.263 -0.076 -0.2756, 0.263 -0.0976 -0.2756, 0.3638 -0.0976 -0.2752, 0.3638 -0.0976 -0.2756, 0.3638 0.0993 -0.2752, 0.3638 0.0993 -0.2756, 0.3374 0.0993 -0.2752, 0.3374 0.0993 -0.2756, 0.3374 -0.076 -0.2752, 0.3374 -0.076 -0.2756, 0.3374 -0.076 -0.2756
            ]
        }
        coordIndex [
            0,1,2,-1,2,1,3,-1,1,4,3,-1,3,4,5,-1,4,6,5,-1,5,6,7,-1,6,8,7,-1,7,8,9,-1,8,10,9,-1,9,10,11,-1,10,12,11,-1,11,12,13,-1,12,14,13,-1,13,14,15,-1,14,0,15,-1,15,0,2,-1,16,8,17,-1,17,8,6,-1,18,14,16,-1,16,14,12,-1,16,12,8,-1,8,12,10,-1,18,19,14,-1,14,19,20,-1,14,20,0,-1,0,20,21,-1,0,21,22,-1,22,23,0,-1,0,23,17,-1,0,17,1,-1,1,17,6,-1,1,6,4,-1,16,17,24,-1,24,17,25,-1,18,16,26,-1,26,16,24,-1,18,26,27,-1,18,27,19,-1,19,27,28,-1,19,28,20,-1,21,20,29,-1,29,20,28,-1,21,29,30,-1,21,30,22,-1,22,30,31,-1,22,31,23,-1,17,23,25,-1,25,23,31,-1,32,33,34,-1,34,33,35,-1,33,36,35,-1,35,36,37,-1,36,38,37,-1,37,38,39,-1,40,41,42,-1,40,42,43,-1,43,42,44,-1,43,44,45,-1,45,44,46,-1,45,46,47,-1,47,46,48,-1,47,48,49,-1,49,48,50,-1,49,50,51,-1,51,50,52,-1,51,52,53,-1,53,52,54,-1,53,54,55,-1,55,54,39,-1,55,39,38,-1,32,34,56,-1,32,56,57,-1,57,56,58,-1,57,58,59,-1,59,58,60,-1,59,60,61,-1,61,60,62,-1,61,62,63,-1,63,62,64,-1,63,64,65,-1,65,64,66,-1,65,66,67,-1,67,66,41,-1,67,41,40,-1,45,47,68,-1,68,47,49,-1,68,49,69,-1,69,49,51,-1,69,51,70,-1,70,51,53,-1,70,53,71,-1,71,53,55,-1,71,55,72,-1,72,55,38,-1,72,38,73,-1,73,38,36,-1,73,36,74,-1,74,36,33,-1,74,33,75,-1,75,33,32,-1,75,32,76,-1,76,32,57,-1,76,57,77,-1,77,57,59,-1,77,59,78,-1,78,59,61,-1,78,61,79,-1,79,61,63,-1,79,63,80,-1,80,63,65,-1,80,65,81,-1,81,65,67,-1,81,67,82,-1,82,67,40,-1,82,40,83,-1,83,40,43,-1,83,43,84,-1,84,43,45,-1,84,45,68,-1,72,73,85,-1,85,73,86,-1,72,85,87,-1,72,87,71,-1,71,87,88,-1,71,88,70,-1,70,88,89,-1,70,89,69,-1,69,89,90,-1,69,90,68,-1,68,90,91,-1,68,91,84,-1,84,91,92,-1,84,92,83,-1,83,92,93,-1,83,93,82,-1,82,93,94,-1,82,94,81,-1,81,94,95,-1,81,95,80,-1,80,95,96,-1,80,96,79,-1,79,96,97,-1,79,97,78,-1,78,97,98,-1,78,98,77,-1,77,98,99,-1,77,99,76,-1,76,99,100,-1,76,100,75,-1,74,75,101,-1,101,75,100,-1,73,74,86,-1,86,74,101,-1,102,103,104,-1,104,103,105,-1,103,106,105,-1,105,106,107,-1,106,108,107,-1,107,108,109,-1,108,110,109,-1,109,110,111,-1,110,112,111,-1,111,112,113,-1,112,114,113,-1,113,114,115,-1,114,116,115,-1,115,116,117,-1,116,118,117,-1,117,118,119,-1,118,120,119,-1,119,120,121,-1,120,122,121,-1,121,122,123,-1,122,124,123,-1,123,124,125,-1,124,102,125,-1,125,102,104,-1,106,103,102,-1,102,124,106,-1,106,124,122,-1,106,122,108,-1,112,110,114,-1,114,110,108,-1,114,108,116,-1,116,108,122,-1,116,122,118,-1,118,122,120,-1,126,127,128,-1,128,127,129,-1,129,127,130,-1,131,132,133,-1,131,133,134,-1,134,133,135,-1,134,135,130,-1,130,135,136,-1,130,136,129,-1,132,131,137,-1,137,131,138,-1,137,138,139,-1,139,138,140,-1,139,140,141,-1,141,140,142,-1,141,142,143,-1,143,142,144,-1,143,144,145,-1,145,144,146,-1,145,146,147,-1,147,146,148,-1,147,148,149,-1,149,148,150,-1,149,150,151,-1,152,153,154,-1,152,154,155,-1,155,154,156,-1,155,156,157,-1,157,156,158,-1,157,158,159,-1,159,158,160,-1,159,160,161,-1,161,160,162,-1,161,162,163,-1,163,162,164,-1,163,164,165,-1,165,164,151,-1,165,151,150,-1,166,167,168,-1,166,168,169,-1,169,168,153,-1,169,153,152,-1,166,170,167,-1,167,170,171,-1,172,173,174,-1,172,174,175,-1,175,174,171,-1,175,171,170,-1,176,177,178,-1,176,178,179,-1,179,178,180,-1,179,180,181,-1,181,180,182,-1,181,182,183,-1,183,182,184,-1,183,184,185,-1,185,184,186,-1,185,186,187,-1,187,186,188,-1,187,188,189,-1,189,188,173,-1,189,173,172,-1,190,191,192,-1,190,192,193,-1,193,192,194,-1,193,194,195,-1,195,194,196,-1,195,196,197,-1,197,196,198,-1,197,198,199,-1,199,198,200,-1,199,200,201,-1,201,200,202,-1,201,202,203,-1,203,202,177,-1,203,177,176,-1,126,128,204,-1,126,204,205,-1,205,204,206,-1,205,206,207,-1,207,206,191,-1,207,191,190,-1,193,131,190,-1,190,131,134,-1,190,134,207,-1,207,134,130,-1,207,130,205,-1,205,130,127,-1,205,127,126,-1,170,166,175,-1,175,166,169,-1,175,169,172,-1,172,169,152,-1,172,152,189,-1,189,152,155,-1,189,155,187,-1,187,155,157,-1,187,157,185,-1,185,157,159,-1,185,159,183,-1,183,159,161,-1,183,161,181,-1,181,161,163,-1,181,163,179,-1,179,163,165,-1,179,165,176,-1,176,165,150,-1,176,150,203,-1,203,150,148,-1,203,148,201,-1,201,148,146,-1,201,146,199,-1,199,146,144,-1,199,144,197,-1,197,144,142,-1,197,142,195,-1,195,142,140,-1,195,140,193,-1,193,140,138,-1,193,138,131,-1,208,209,210,-1,210,209,211,-1,209,212,211,-1,211,212,213,-1,212,214,213,-1,213,214,215,-1,214,216,215,-1,215,216,217,-1,216,218,217,-1,217,218,219,-1,218,208,219,-1,219,208,210,-1,216,214,218,-1,218,214,212,-1,218,212,208,-1,208,212,209,-1,
        ]
    }
}
Shape{
    appearance Appearance {
        material  Material 	{
            diffuseColor 0.5019607843137255 0.5019607843137255 0.5019607843137255
            specularColor 0.25098039215686274 0.25098039215686274 0.25098039215686274
            ambientIntensity 0.2
            transparency 0
            shininess 0.5
        }
    }
    geometry IndexedFaceSet {
        ccw TRUE
        solid FALSE
        coord DEF co Coordinate {
            point [
                -0.3098 -0.0208 -0.2756, -0.3756 -0.0208 -0.2756, -0.3392 0.0615 -0.2756, -0.346 0.0615 -0.2756, -0.3411 0.0683 -0.2756, -0.3442 0.0683 -0.2756, -0.3423 0.0753 -0.2756, -0.343 0.0753 -0.2756, -0.1091 0.0777 -0.2756, -0.1091 -0.076 -0.2756, -0.1382 0.0777 -0.2756, -0.1371 -0.076 -0.2756, -0.1578 -0.074 -0.2756, -0.2148 0.0028 -0.2756, -0.2131 0.0224 -0.2756, -0.2085 0.0379 -0.2756, -0.1615 0.0752 -0.2756, -0.1744 -0.0689 -0.2756, -0.1878 -0.0609 -0.2756, -0.1989 -0.05 -0.2756, -0.2072 -0.0364 -0.2756, -0.2129 -0.0179 -0.2756, -0.2016 0.0501 -0.2756, -0.1921 0.0602 -0.2756, -0.1777 0.0695 -0.2756, -0.1777 0.0695 -0.2756
            ]
        }
        coordIndex [
            0,1,2,-1,2,1,3,-1,2,3,4,-1,4,3,5,-1,4,5,6,-1,6,5,7,-1,8,9,10,-1,10,9,11,-1,10,11,12,-1,13,14,10,-1,10,14,15,-1,10,15,16,-1,12,17,10,-1,10,17,18,-1,10,18,19,-1,19,20,10,-1,10,20,21,-1,10,21,13,-1,22,23,15,-1,15,23,24,-1,15,24,16,-1,
        ]
    }
}
Shape{
    appearance Appearance {
        material  Material 	{
            diffuseColor 0.0 0.0 0.0
            specularColor 0.0 0.0 0.0
            ambientIntensity 0.2
            transparency 0
            shininess 0.5
        }
    }
    geometry IndexedFaceSet {
        ccw TRUE
        solid FALSE
        coord DEF co Coordinate {
            point [
                -0.3145 0.7563 1.1807, -0.3145 0.6915 1.1807, -0.3145 0.7563 1.1811, -0.3145 0.6915 1.1811, -0.4126 0.7149 1.1807, -0.4126 0.7149 1.1811, -0.3622 0.709 1.1811, -0.3622 0.709 1.1807, -0.5856 0.4723 1.1807, -0.5856 0.4723 1.1811, -0.5853 0.4772 1.1811, -0.5811 0.5351 1.1807, -0.5811 0.5351 1.1811, -0.5632 0.603 1.1811, -0.5632 0.603 1.1807, -0.5395 0.6472 1.1811, -0.5395 0.6472 1.1807, -0.5108 0.6794 1.1811, -0.5108 0.6794 1.1807, -0.4816 0.6992 1.1811, -0.4816 0.6992 1.1807, -0.4506 0.7106 1.1811, -0.4506 0.7106 1.1807, -0.5837 0.4723 1.1807, -0.5837 0.4723 1.1811, -0.5805 0.4772 1.1811, -0.5621 0.5058 1.1807, -0.5621 0.5058 1.1811, -0.5382 0.5289 1.1807, -0.5382 0.5289 1.1811, -0.51 0.5451 1.1807, -0.51 0.5451 1.1811, -0.4791 0.5539 1.1807, -0.4791 0.5539 1.1811, -0.4485 0.5565 1.1807, -0.4485 0.5565 1.1811, -0.2785 0.3733 1.1807, -0.2785 0.3733 1.1811, -0.2805 0.4061 1.1811, -0.2805 0.4061 1.1807, -0.2922 0.4536 1.1811, -0.2922 0.4536 1.1807, -0.3047 0.4772 1.1811, -0.311 0.4892 1.1807, -0.311 0.4892 1.1811, -0.3365 0.5178 1.1811, -0.3365 0.5178 1.1807, -0.369 0.5395 1.1811, -0.369 0.5395 1.1807, -0.4041 0.5518 1.1811, -0.4041 0.5518 1.1807, -0.4669 0.1748 1.1807, -0.4669 0.1748 1.1811, -0.4274 0.1783 1.1811, -0.4274 0.1783 1.1807, -0.387 0.1908 1.1811, -0.387 0.1908 1.1807, -0.353 0.2112 1.1811, -0.353 0.2112 1.1807, -0.3228 0.2405 1.1811, -0.3228 0.2405 1.1807, -0.2992 0.277 1.1811, -0.2992 0.277 1.1807, -0.2841 0.3199 1.1811, -0.2841 0.3199 1.1807, -0.6602 0.4422 1.1807, -0.6602 0.4422 1.1811, -0.6554 0.3692 1.1811, -0.6554 0.3692 1.1807, -0.6363 0.2947 1.1811, -0.6363 0.2947 1.1807, -0.611 0.2475 1.1811, -0.611 0.2475 1.1807, -0.5848 0.2176 1.1811, -0.5848 0.2176 1.1807, -0.5526 0.1948 1.1811, -0.5526 0.1948 1.1807, -0.5176 0.181 1.1811, -0.5176 0.181 1.1807, -0.658 0.4772 1.1811, -0.655 0.5229 1.1807, -0.655 0.5229 1.1811, -0.6372 0.6012 1.1807, -0.6372 0.6012 1.1811, -0.6068 0.6672 1.1807, -0.6068 0.6672 1.1811, -0.569 0.716 1.1807, -0.569 0.716 1.1811, -0.5298 0.7478 1.1807, -0.5298 0.7478 1.1811, -0.4875 0.7681 1.1807, -0.4875 0.7681 1.1811, -0.4392 0.7784 1.1807, -0.4392 0.7784 1.1811, -0.414 0.7797 1.1807, -0.414 0.7797 1.1811, -0.3287 0.7641 1.1811, -0.3287 0.7641 1.1807, -0.3625 0.775 1.1811, -0.3625 0.775 1.1807, -0.5804 0.3919 1.1807, -0.5742 0.4187 1.1807, -0.5288 0.259 1.1807, -0.5458 0.2752 1.1807, -0.5648 0.3042 1.1807, -0.5766 0.3377 1.1807, -0.581 0.3783 1.1807, -0.561 0.4442 1.1807, -0.5417 0.4659 1.1807, -0.5204 0.4802 1.1807, -0.4976 0.4884 1.1807, -0.4683 0.4916 1.1807, -0.4497 0.4905 1.1807, -0.4263 0.4852 1.1807, -0.4071 0.476 1.1807, -0.3911 0.4632 1.1807, -0.3817 0.4522 1.1807, -0.3692 0.4301 1.1807, -0.3609 0.4017 1.1807, -0.3578 0.3653 1.1807, -0.3604 0.3346 1.1807, -0.3683 0.3071 1.1807, -0.3813 0.2834 1.1807, -0.3992 0.2638 1.1807, -0.4183 0.2507 1.1807, -0.439 0.243 1.1807, -0.4675 0.2396 1.1807, -0.4884 0.2414 1.1807, -0.51 0.248 1.1807, -0.581 0.3783 1.1811, -0.5804 0.3919 1.1811, -0.5742 0.4187 1.1811, -0.561 0.4442 1.1811, -0.5417 0.4659 1.1811, -0.5204 0.4802 1.1811, -0.4976 0.4884 1.1811, -0.4683 0.4916 1.1811, -0.4497 0.4905 1.1811, -0.4263 0.4852 1.1811, -0.4071 0.476 1.1811, -0.3911 0.4632 1.1811, -0.3817 0.4522 1.1811, -0.3692 0.4301 1.1811, -0.3609 0.4017 1.1811, -0.3578 0.3653 1.1811, -0.3604 0.3346 1.1811, -0.3683 0.3071 1.1811, -0.3813 0.2834 1.1811, -0.3992 0.2638 1.1811, -0.4183 0.2507 1.1811, -0.439 0.243 1.1811, -0.4675 0.2396 1.1811, -0.4884 0.2414 1.1811, -0.51 0.248 1.1811, -0.5288 0.259 1.1811, -0.5458 0.2752 1.1811, -0.5648 0.3042 1.1811, -0.5766 0.3377 1.1811, 0.6578 -0.5081 1.1811, 0.6578 -0.5081 1.1807, 0.6246 -0.5045 1.1811, 0.6049 -0.5023 1.1807, 0.6049 -0.5023 1.1811, 0.5606 -0.4867 1.1807, 0.5606 -0.4867 1.1811, 0.524 -0.4628 1.1807, 0.524 -0.4628 1.1811, 0.4982 -0.4346 1.1807, 0.4982 -0.4346 1.1811, 0.479 -0.3996 1.1807, 0.479 -0.3996 1.1811, 0.4687 -0.3591 1.1807, 0.4687 -0.3591 1.1811, 0.4671 -0.3352 1.1807, 0.4671 -0.3352 1.1811, 0.581 -0.181 1.1807, 0.581 -0.181 1.1811, 0.5424 -0.2004 1.1811, 0.5424 -0.2004 1.1807, 0.5098 -0.2286 1.1811, 0.5098 -0.2286 1.1807, 0.4859 -0.2622 1.1811, 0.4859 -0.2622 1.1807, 0.4725 -0.2951 1.1811, 0.4725 -0.2951 1.1807, 0.4959 -0.0529 1.1807, 0.4959 -0.0529 1.1811, 0.4972 -0.0707 1.1811, 0.4972 -0.0707 1.1807, 0.5043 -0.0983 1.1811, 0.5043 -0.0983 1.1807, 0.5192 -0.1264 1.1811, 0.5192 -0.1264 1.1807, 0.5434 -0.1542 1.1811, 0.5434 -0.1542 1.1807, 0.665 0.0969 1.1807, 0.665 0.0969 1.1811, 0.6389 0.0953 1.1811, 0.6389 0.0953 1.1807, 0.5959 0.0848 1.1811, 0.5959 0.0848 1.1807, 0.5625 0.0679 1.1811, 0.5625 0.0679 1.1807, 0.5349 0.0451 1.1811, 0.5349 0.0451 1.1807, 0.5141 0.0168 1.1811, 0.5141 0.0168 1.1807, 0.5012 -0.0141 1.1811, 0.5012 -0.0141 1.1807, 0.8344 -0.0529 1.1807, 0.8344 -0.0529 1.1811, 0.8321 -0.026 1.1811, 0.8321 -0.026 1.1807, 0.823 0.004 1.1811, 0.823 0.004 1.1807, 0.8055 0.0338 1.1811, 0.8055 0.0338 1.1807, 0.7824 0.0577 1.1811, 0.7824 0.0577 1.1807, 0.7528 0.0768 1.1811, 0.7528 0.0768 1.1807, 0.7129 0.0915 1.1811, 0.7129 0.0915 1.1807, 0.7501 -0.181 1.1807, 0.7501 -0.181 1.1811, 0.765 -0.1719 1.1811, 0.765 -0.1719 1.1807, 0.7951 -0.1466 1.1811, 0.7951 -0.1466 1.1807, 0.8156 -0.1195 1.1811, 0.8156 -0.1195 1.1807, 0.8297 -0.0872 1.1811, 0.8297 -0.0872 1.1807, 0.8488 -0.3352 1.1807, 0.8488 -0.3352 1.1811, 0.8466 -0.3068 1.1811, 0.8466 -0.3068 1.1807, 0.8359 -0.2697 1.1811, 0.8359 -0.2697 1.1807, 0.8127 -0.2298 1.1811, 0.8127 -0.2298 1.1807, 0.7847 -0.2014 1.1811, 0.7847 -0.2014 1.1807, 0.6968 -0.5051 1.1811, 0.6968 -0.5051 1.1807, 0.6992 -0.5045 1.1811, 0.742 -0.4928 1.1807, 0.742 -0.4928 1.1811, 0.7776 -0.4742 1.1811, 0.7776 -0.4742 1.1807, 0.8083 -0.4474 1.1811, 0.8083 -0.4474 1.1807, 0.8306 -0.4145 1.1811, 0.8306 -0.4145 1.1807, 0.8436 -0.3796 1.1811, 0.8436 -0.3796 1.1807, 0.6884 -0.152 1.1807, 0.6646 -0.1552 1.1807, 0.6783 -0.2213 1.1807, 0.7063 -0.1447 1.1807, 0.7501 -0.0925 1.1807, 0.7547 -0.071 1.1807, 0.7552 -0.0612 1.1807, 0.5999 -0.2325 1.1807, 0.6258 -0.2233 1.1807, 0.6408 -0.152 1.1807, 0.7409 -0.1116 1.1807, 0.7234 -0.1322 1.1807, 0.6576 -0.22 1.1807, 0.7061 -0.2284 1.1807, 0.7312 -0.2422 1.1807, 0.7523 -0.036 1.1807, 0.7446 -0.016 1.1807, 0.732 0.0022 1.1807, 0.7219 0.0121 1.1807, 0.7053 0.0231 1.1807, 0.7503 -0.2597 1.1807, 0.7646 -0.2801 1.1807, 0.7732 -0.302 1.1807, 0.7768 -0.3314 1.1807, 0.6216 -0.1439 1.1807, 0.6059 -0.1322 1.1807, 0.5989 -0.125 1.1807, 0.586 -0.1066 1.1807, 0.5782 -0.0867 1.1807, 0.5752 -0.0612 1.1807, 0.5771 -0.04 1.1807, 0.685 0.03 1.1807, 0.6646 0.0321 1.1807, 0.6411 0.0293 1.1807, 0.6234 0.0227 1.1807, 0.6069 0.0116 1.1807, 0.5937 -0.0026 1.1807, 0.5834 -0.0199 1.1807, 0.5782 -0.2466 1.1807, 0.5625 -0.2623 1.1807, 0.5496 -0.2825 1.1807, 0.5417 -0.3061 1.1807, 0.5392 -0.3314 1.1807, 0.5422 -0.3607 1.1807, 0.55 -0.3833 1.1807, 0.5618 -0.4023 1.1807, 0.5817 -0.4213 1.1807, 0.6049 -0.4339 1.1807, 0.6302 -0.441 1.1807, 0.6576 -0.4432 1.1807, 0.6898 -0.4399 1.1807, 0.7162 -0.4309 1.1807, 0.7379 -0.4171 1.1807, 0.7538 -0.4011 1.1807, 0.7658 -0.3824 1.1807, 0.7736 -0.3605 1.1807, 0.5392 -0.3314 1.1811, 0.5417 -0.3061 1.1811, 0.5496 -0.2825 1.1811, 0.5625 -0.2623 1.1811, 0.5782 -0.2466 1.1811, 0.5999 -0.2325 1.1811, 0.6258 -0.2233 1.1811, 0.6576 -0.22 1.1811, 0.6783 -0.2213 1.1811, 0.7061 -0.2284 1.1811, 0.7312 -0.2422 1.1811, 0.7503 -0.2597 1.1811, 0.7646 -0.2801 1.1811, 0.7732 -0.302 1.1811, 0.7768 -0.3314 1.1811, 0.7736 -0.3605 1.1811, 0.7658 -0.3824 1.1811, 0.7538 -0.4011 1.1811, 0.7379 -0.4171 1.1811, 0.7162 -0.4309 1.1811, 0.6898 -0.4399 1.1811, 0.6576 -0.4432 1.1811, 0.6302 -0.441 1.1811, 0.6049 -0.4339 1.1811, 0.5817 -0.4213 1.1811, 0.5618 -0.4023 1.1811, 0.55 -0.3833 1.1811, 0.5422 -0.3607 1.1811, 0.5752 -0.0612 1.1811, 0.5771 -0.04 1.1811, 0.5834 -0.0199 1.1811, 0.5937 -0.0026 1.1811, 0.6069 0.0116 1.1811, 0.6234 0.0227 1.1811, 0.6411 0.0293 1.1811, 0.6646 0.0321 1.1811, 0.685 0.03 1.1811, 0.7053 0.0231 1.1811, 0.7219 0.0121 1.1811, 0.732 0.0022 1.1811, 0.7446 -0.016 1.1811, 0.7523 -0.036 1.1811, 0.7552 -0.0612 1.1811, 0.7547 -0.071 1.1811, 0.7501 -0.0925 1.1811, 0.7409 -0.1116 1.1811, 0.7234 -0.1322 1.1811, 0.7063 -0.1447 1.1811, 0.6884 -0.152 1.1811, 0.6646 -0.1552 1.1811, 0.6408 -0.152 1.1811, 0.6216 -0.1439 1.1811, 0.6059 -0.1322 1.1811, 0.5989 -0.125 1.1811, 0.586 -0.1066 1.1811, 0.5782 -0.0867 1.1811, 0.5782 -0.0867 1.1811
            ]
        }
        coordIndex [
            0,1,2,-1,2,1,3,-1,4,5,6,-1,4,6,7,-1,7,6,3,-1,7,3,1,-1,8,9,10,-1,8,10,11,-1,10,12,11,-1,11,12,13,-1,11,13,14,-1,14,13,15,-1,14,15,16,-1,16,15,17,-1,16,17,18,-1,18,17,19,-1,18,19,20,-1,20,19,21,-1,20,21,22,-1,22,21,5,-1,22,5,4,-1,8,23,9,-1,9,23,24,-1,24,23,25,-1,25,23,26,-1,25,26,27,-1,27,26,28,-1,27,28,29,-1,29,28,30,-1,29,30,31,-1,31,30,32,-1,31,32,33,-1,33,32,34,-1,33,34,35,-1,36,37,38,-1,36,38,39,-1,39,38,40,-1,39,40,41,-1,41,40,42,-1,41,42,43,-1,42,44,43,-1,43,44,45,-1,43,45,46,-1,46,45,47,-1,46,47,48,-1,48,47,49,-1,48,49,50,-1,50,49,35,-1,50,35,34,-1,51,52,53,-1,51,53,54,-1,54,53,55,-1,54,55,56,-1,56,55,57,-1,56,57,58,-1,58,57,59,-1,58,59,60,-1,60,59,61,-1,60,61,62,-1,62,61,63,-1,62,63,64,-1,64,63,37,-1,64,37,36,-1,65,66,67,-1,65,67,68,-1,68,67,69,-1,68,69,70,-1,70,69,71,-1,70,71,72,-1,72,71,73,-1,72,73,74,-1,74,73,75,-1,74,75,76,-1,76,75,77,-1,76,77,78,-1,78,77,52,-1,78,52,51,-1,66,65,79,-1,79,65,80,-1,79,80,81,-1,81,80,82,-1,81,82,83,-1,83,82,84,-1,83,84,85,-1,85,84,86,-1,85,86,87,-1,87,86,88,-1,87,88,89,-1,89,88,90,-1,89,90,91,-1,91,90,92,-1,91,92,93,-1,93,92,94,-1,93,94,95,-1,0,2,96,-1,0,96,97,-1,97,96,98,-1,97,98,99,-1,99,98,95,-1,99,95,94,-1,100,101,68,-1,65,8,11,-1,4,7,99,-1,99,7,97,-1,97,7,1,-1,97,1,0,-1,76,102,74,-1,74,102,103,-1,74,103,72,-1,72,103,104,-1,72,104,70,-1,70,104,105,-1,70,105,68,-1,68,105,106,-1,68,106,100,-1,99,94,4,-1,4,94,92,-1,4,92,22,-1,22,92,90,-1,22,90,20,-1,20,90,88,-1,20,88,18,-1,18,88,86,-1,18,86,16,-1,16,86,84,-1,16,84,14,-1,14,84,82,-1,14,82,11,-1,11,82,80,-1,11,80,65,-1,65,68,8,-1,8,68,101,-1,8,101,23,-1,23,101,107,-1,23,107,26,-1,26,107,108,-1,26,108,28,-1,28,108,109,-1,28,109,30,-1,30,109,110,-1,30,110,32,-1,32,110,111,-1,32,111,34,-1,34,111,112,-1,34,112,50,-1,50,112,113,-1,50,113,48,-1,48,113,114,-1,48,114,46,-1,46,114,115,-1,46,115,43,-1,43,115,116,-1,43,116,41,-1,41,116,117,-1,41,117,39,-1,39,117,118,-1,39,118,36,-1,36,118,119,-1,36,119,64,-1,64,119,120,-1,64,120,62,-1,62,120,121,-1,62,121,60,-1,60,121,122,-1,60,122,58,-1,58,122,123,-1,58,123,56,-1,56,123,124,-1,56,124,54,-1,54,124,125,-1,54,125,51,-1,51,125,126,-1,51,126,78,-1,78,126,127,-1,78,127,76,-1,76,127,128,-1,76,128,102,-1,106,129,130,-1,106,130,100,-1,100,130,131,-1,100,131,101,-1,101,131,132,-1,101,132,107,-1,107,132,133,-1,107,133,108,-1,108,133,134,-1,108,134,109,-1,109,134,135,-1,109,135,110,-1,110,135,136,-1,110,136,111,-1,111,136,137,-1,111,137,112,-1,112,137,138,-1,112,138,113,-1,113,138,139,-1,113,139,114,-1,114,139,140,-1,114,140,115,-1,115,140,141,-1,115,141,116,-1,116,141,142,-1,116,142,117,-1,117,142,143,-1,117,143,118,-1,118,143,144,-1,118,144,119,-1,119,144,145,-1,119,145,120,-1,120,145,146,-1,120,146,121,-1,121,146,147,-1,121,147,122,-1,122,147,148,-1,122,148,123,-1,123,148,149,-1,123,149,124,-1,124,149,150,-1,124,150,125,-1,125,150,151,-1,125,151,126,-1,126,151,152,-1,126,152,127,-1,127,152,153,-1,127,153,128,-1,128,153,154,-1,128,154,102,-1,102,154,155,-1,102,155,103,-1,103,155,156,-1,103,156,104,-1,104,156,157,-1,104,157,105,-1,105,157,129,-1,105,129,106,-1,158,159,160,-1,160,159,161,-1,160,161,162,-1,162,161,163,-1,162,163,164,-1,164,163,165,-1,164,165,166,-1,166,165,167,-1,166,167,168,-1,168,167,169,-1,168,169,170,-1,170,169,171,-1,170,171,172,-1,172,171,173,-1,172,173,174,-1,175,176,177,-1,175,177,178,-1,178,177,179,-1,178,179,180,-1,180,179,181,-1,180,181,182,-1,182,181,183,-1,182,183,184,-1,184,183,174,-1,184,174,173,-1,185,186,187,-1,185,187,188,-1,188,187,189,-1,188,189,190,-1,190,189,191,-1,190,191,192,-1,192,191,193,-1,192,193,194,-1,194,193,176,-1,194,176,175,-1,195,196,197,-1,195,197,198,-1,198,197,199,-1,198,199,200,-1,200,199,201,-1,200,201,202,-1,202,201,203,-1,202,203,204,-1,204,203,205,-1,204,205,206,-1,206,205,207,-1,206,207,208,-1,208,207,186,-1,208,186,185,-1,209,210,211,-1,209,211,212,-1,212,211,213,-1,212,213,214,-1,214,213,215,-1,214,215,216,-1,216,215,217,-1,216,217,218,-1,218,217,219,-1,218,219,220,-1,220,219,221,-1,220,221,222,-1,222,221,196,-1,222,196,195,-1,223,224,225,-1,223,225,226,-1,226,225,227,-1,226,227,228,-1,228,227,229,-1,228,229,230,-1,230,229,231,-1,230,231,232,-1,232,231,210,-1,232,210,209,-1,233,234,235,-1,233,235,236,-1,236,235,237,-1,236,237,238,-1,238,237,239,-1,238,239,240,-1,240,239,241,-1,240,241,242,-1,242,241,224,-1,242,224,223,-1,159,158,243,-1,159,243,244,-1,244,243,245,-1,244,245,246,-1,245,247,246,-1,246,247,248,-1,246,248,249,-1,249,248,250,-1,249,250,251,-1,251,250,252,-1,251,252,253,-1,253,252,254,-1,253,254,255,-1,255,254,234,-1,255,234,233,-1,256,257,258,-1,256,258,259,-1,260,223,261,-1,261,223,262,-1,263,264,175,-1,175,264,265,-1,260,266,223,-1,223,266,267,-1,223,267,259,-1,265,264,257,-1,257,264,268,-1,257,268,258,-1,259,258,223,-1,223,258,269,-1,223,269,242,-1,242,269,270,-1,242,270,240,-1,271,214,272,-1,272,214,216,-1,272,216,273,-1,273,216,218,-1,273,218,274,-1,274,218,220,-1,274,220,275,-1,223,226,262,-1,262,226,228,-1,262,228,230,-1,270,276,240,-1,240,276,277,-1,240,277,238,-1,238,277,278,-1,238,278,236,-1,236,278,279,-1,230,232,262,-1,262,232,209,-1,262,209,271,-1,271,209,212,-1,271,212,214,-1,265,280,175,-1,175,280,281,-1,175,281,194,-1,194,281,282,-1,194,282,192,-1,192,282,283,-1,192,283,190,-1,190,283,284,-1,190,284,188,-1,188,284,285,-1,188,285,185,-1,185,285,286,-1,275,220,287,-1,287,220,222,-1,287,222,288,-1,288,222,195,-1,288,195,289,-1,289,195,198,-1,289,198,290,-1,290,198,200,-1,290,200,291,-1,291,200,202,-1,291,202,292,-1,292,202,204,-1,292,204,293,-1,293,204,206,-1,293,206,286,-1,286,206,208,-1,286,208,185,-1,263,175,294,-1,294,175,178,-1,294,178,295,-1,295,178,180,-1,295,180,296,-1,296,180,182,-1,296,182,297,-1,297,182,184,-1,297,184,298,-1,298,184,173,-1,298,173,299,-1,299,173,171,-1,299,171,300,-1,300,171,169,-1,300,169,301,-1,301,169,167,-1,301,167,302,-1,302,167,165,-1,302,165,303,-1,303,165,163,-1,303,163,304,-1,304,163,161,-1,304,161,305,-1,305,161,159,-1,305,159,306,-1,306,159,244,-1,306,244,307,-1,307,244,246,-1,307,246,308,-1,308,246,249,-1,308,249,309,-1,309,249,251,-1,309,251,310,-1,310,251,253,-1,310,253,311,-1,311,253,255,-1,311,255,279,-1,279,255,233,-1,279,233,236,-1,298,312,313,-1,298,313,297,-1,297,313,314,-1,297,314,296,-1,296,314,315,-1,296,315,295,-1,295,315,316,-1,295,316,294,-1,294,316,317,-1,294,317,263,-1,263,317,318,-1,263,318,264,-1,264,318,319,-1,264,319,268,-1,268,319,320,-1,268,320,258,-1,258,320,321,-1,258,321,269,-1,269,321,322,-1,269,322,270,-1,270,322,323,-1,270,323,276,-1,276,323,324,-1,276,324,277,-1,277,324,325,-1,277,325,278,-1,278,325,326,-1,278,326,279,-1,279,326,327,-1,279,327,311,-1,311,327,328,-1,311,328,310,-1,310,328,329,-1,310,329,309,-1,309,329,330,-1,309,330,308,-1,308,330,331,-1,308,331,307,-1,307,331,332,-1,307,332,306,-1,306,332,333,-1,306,333,305,-1,305,333,334,-1,305,334,304,-1,304,334,335,-1,304,335,303,-1,303,335,336,-1,303,336,302,-1,302,336,337,-1,302,337,301,-1,301,337,338,-1,301,338,300,-1,300,338,339,-1,300,339,299,-1,299,339,312,-1,299,312,298,-1,285,340,341,-1,285,341,286,-1,286,341,342,-1,286,342,293,-1,293,342,343,-1,293,343,292,-1,292,343,344,-1,292,344,291,-1,291,344,345,-1,291,345,290,-1,290,345,346,-1,290,346,289,-1,289,346,347,-1,289,347,288,-1,288,347,348,-1,288,348,287,-1,287,348,349,-1,287,349,275,-1,275,349,350,-1,275,350,274,-1,274,350,351,-1,274,351,273,-1,273,351,352,-1,273,352,272,-1,272,352,353,-1,272,353,271,-1,271,353,354,-1,271,354,262,-1,262,354,355,-1,262,355,261,-1,261,355,356,-1,261,356,260,-1,260,356,357,-1,260,357,266,-1,266,357,358,-1,266,358,267,-1,267,358,359,-1,267,359,259,-1,259,359,360,-1,259,360,256,-1,256,360,361,-1,256,361,257,-1,257,361,362,-1,257,362,265,-1,265,362,363,-1,265,363,280,-1,280,363,364,-1,280,364,281,-1,281,364,365,-1,281,365,282,-1,282,365,366,-1,282,366,283,-1,283,366,367,-1,283,367,284,-1,284,367,340,-1,284,340,285,-1,
        ]
    }
}
Shape{
    appearance Appearance {
        material  Material 	{
            diffuseColor 0.5019607843137255 0.5019607843137255 0.5019607843137255
            specularColor 0.25098039215686274 0.25098039215686274 0.25098039215686274
            ambientIntensity 0.2
            transparency 0
            shininess 0.5
        }
    }
    geometry IndexedFaceSet {
        ccw TRUE
        solid FALSE
        coord DEF co Coordinate {
            point [
                0.6302 -0.441 1.1811, 0.6576 -0.4432 1.1811, 0.6576 -0.22 1.1811, 0.7658 -0.3824 1.1811, 0.7503 -0.2597 1.1811, 0.7538 -0.4011 1.1811, 0.7312 -0.2422 1.1811, 0.6783 -0.2213 1.1811, 0.6898 -0.4399 1.1811, 0.7162 -0.4309 1.1811, 0.7379 -0.4171 1.1811, 0.7061 -0.2284 1.1811, 0.6258 -0.2233 1.1811, 0.5392 -0.3314 1.1811, 0.5999 -0.2325 1.1811, 0.5782 -0.2466 1.1811, 0.5625 -0.2623 1.1811, 0.5417 -0.3061 1.1811, 0.5496 -0.2825 1.1811, 0.7736 -0.3605 1.1811, 0.7768 -0.3314 1.1811, 0.7646 -0.2801 1.1811, 0.7732 -0.302 1.1811, 0.5422 -0.3607 1.1811, 0.55 -0.3833 1.1811, 0.5618 -0.4023 1.1811, 0.5817 -0.4213 1.1811, 0.6049 -0.4339 1.1811, 0.6049 -0.4339 1.1811
            ]
        }
        coordIndex [
            0,1,2,-1,3,4,5,-1,5,4,6,-1,2,1,7,-1,7,1,8,-1,7,8,9,-1,9,10,7,-1,7,10,5,-1,7,5,11,-1,11,5,6,-1,2,12,13,-1,13,12,14,-1,14,15,13,-1,13,15,16,-1,13,16,17,-1,17,16,18,-1,3,19,4,-1,4,19,20,-1,4,20,21,-1,21,20,22,-1,13,23,2,-1,2,23,24,-1,2,24,25,-1,25,26,2,-1,2,26,27,-1,2,27,0,-1,
        ]
    }
}
Shape{
    appearance Appearance {
        material  Material 	{
            diffuseColor 0.0 0.0 0.0
            specularColor 0.0 0.0 0.0
            ambientIntensity 0.2
            transparency 0
            shininess 0.5
        }
    }
    geometry IndexedFaceSet {
        ccw TRUE
        solid FALSE
        coord DEF co Coordinate {
            point [
                0.3879 0.0897 1.1807, 0.3879 0.0447 1.1807, 0.3879 0.0897 1.1811, 0.3879 0.0447 1.1811, 0.1845 -0.5009 1.1807, 0.1845 -0.5009 1.1811, 0.1954 -0.4333 1.1811, 0.1954 -0.4333 1.1807, 0.204 -0.4029 1.1811, 0.236 -0.2891 1.1807, 0.236 -0.2891 1.1811, 0.2985 -0.1331 1.1811, 0.2985 -0.1331 1.1807, 0.1052 -0.5009 1.1807, 0.1052 -0.5009 1.1811, 0.3087 0.0249 1.1807, 0.3087 0.0249 1.1811, 0.2963 0.0025 1.1811, 0.2963 0.0025 1.1807, 0.2354 -0.1147 1.1811, 0.2354 -0.1147 1.1807, 0.204 -0.1847 1.1811, 0.1853 -0.2262 1.1807, 0.1853 -0.2262 1.1811, 0.1325 -0.3752 1.1811, 0.1325 -0.3752 1.1807, 0.204 0.0249 1.1811, 0.0206 0.0249 1.1807, 0.0206 0.0249 1.1811, 0.0206 0.0897 1.1807, 0.0206 0.0897 1.1811, 0.204 0.0897 1.1811, -0.1018 -0.5009 1.1807, -0.1738 -0.5009 1.1807, -0.1018 -0.5009 1.1811, -0.1738 -0.5009 1.1811, -0.1738 -0.1067 1.1807, -0.1738 -0.1067 1.1811, -0.1681 0.0105 1.1807, -0.1681 0.0105 1.1811, -0.1721 -0.048 1.1811, -0.1721 -0.048 1.1807, -0.17 0.0105 1.1807, -0.17 0.0105 1.1811, -0.1876 -0.0495 1.1807, -0.1876 -0.0495 1.1811, -0.1776 -0.0199 1.1811, -0.1776 -0.0199 1.1807, -0.2461 -0.185 1.1811, -0.3827 -0.5009 1.1807, -0.3827 -0.5009 1.1811, -0.4259 -0.5009 1.1807, -0.4259 -0.5009 1.1811, -0.6174 -0.0529 1.1807, -0.6174 -0.0529 1.1811, -0.6347 0.0105 1.1807, -0.6347 0.0105 1.1811, -0.6273 -0.0215 1.1811, -0.6273 -0.0215 1.1807, -0.637 0.0105 1.1807, -0.637 0.0105 1.1811, -0.6347 -0.1102 1.1807, -0.6347 -0.1102 1.1811, -0.6352 -0.0498 1.1811, -0.6352 -0.0498 1.1807, -0.6347 -0.5009 1.1807, -0.6347 -0.5009 1.1811, -0.6835 -0.5009 1.1811, -0.7068 -0.5009 1.1807, -0.7068 -0.5009 1.1811, -0.7068 0.0897 1.1807, -0.7068 0.0897 1.1811, -0.6835 0.0897 1.1811, -0.6059 0.0897 1.1807, -0.6059 0.0897 1.1811, -0.4312 -0.3135 1.1807, -0.4312 -0.3135 1.1811, -0.4048 -0.3856 1.1807, -0.4048 -0.3856 1.1811, -0.4167 -0.3491 1.1811, -0.4167 -0.3491 1.1807, -0.4021 -0.3856 1.1807, -0.4021 -0.3856 1.1811, -0.3741 -0.3119 1.1807, -0.3741 -0.3119 1.1811, -0.3884 -0.3487 1.1811, -0.3884 -0.3487 1.1807, -0.2461 -0.0242 1.1811, -0.1954 0.0897 1.1807, -0.1954 0.0897 1.1811, -0.1018 0.0897 1.1807, -0.1018 0.0897 1.1811, 0.24 0.4658 1.1807, 0.24 0.4658 1.1811, 0.24 0.4648 1.1811, 0.24 0.4648 1.1807, 0.2476 0.3649 1.1811, 0.2476 0.3649 1.1807, 0.2677 0.2907 1.1811, 0.2677 0.2907 1.1807, 0.2935 0.243 1.1811, 0.2935 0.243 1.1807, 0.3226 0.2111 1.1811, 0.3226 0.2111 1.1807, 0.3522 0.1915 1.1811, 0.3522 0.1915 1.1807, 0.3864 0.1793 1.1811, 0.3864 0.1793 1.1807, 0.4284 0.1748 1.1807, 0.4275 0.1748 1.1811, 0.4284 0.1748 1.1811, 0.4137 0.778 1.1807, 0.4416 0.7797 1.1807, 0.4275 0.7789 1.1811, 0.4416 0.7797 1.1811, 0.4137 0.778 1.1811, 0.3752 0.7688 1.1811, 0.3752 0.7688 1.1807, 0.3418 0.7519 1.1811, 0.3418 0.7519 1.1807, 0.3112 0.7255 1.1811, 0.3112 0.7255 1.1807, 0.2844 0.688 1.1811, 0.2844 0.688 1.1807, 0.2595 0.6273 1.1811, 0.2595 0.6273 1.1807, 0.2444 0.5491 1.1811, 0.2444 0.5491 1.1807, 0.2406 0.4772 1.1811, 0.6289 0.4797 1.1807, 0.6289 0.4797 1.1811, 0.6287 0.4977 1.1811, 0.6287 0.4977 1.1807, 0.6195 0.599 1.1811, 0.6195 0.599 1.1807, 0.5987 0.6724 1.1811, 0.5987 0.6724 1.1807, 0.5739 0.7168 1.1811, 0.5739 0.7168 1.1807, 0.5501 0.7427 1.1811, 0.5501 0.7427 1.1807, 0.5195 0.763 1.1811, 0.5195 0.763 1.1807, 0.4846 0.7752 1.1811, 0.4846 0.7752 1.1807, 0.6288 0.4772 1.1811, 0.6244 0.3992 1.1807, 0.6244 0.3992 1.1811, 0.6087 0.3232 1.1807, 0.6087 0.3232 1.1811, 0.5834 0.2648 1.1807, 0.5834 0.2648 1.1811, 0.5554 0.2271 1.1807, 0.5554 0.2271 1.1811, 0.5259 0.2021 1.1807, 0.5259 0.2021 1.1811, 0.4931 0.1856 1.1807, 0.4931 0.1856 1.1811, 0.4557 0.1765 1.1807, 0.4557 0.1765 1.1811, 0.4591 0.2423 1.1807, 0.4775 0.2495 1.1807, 0.4945 0.2614 1.1807, 0.5111 0.2806 1.1807, 0.5277 0.313 1.1807, 0.4129 0.7119 1.1807, 0.3942 0.7047 1.1807, 0.3771 0.6927 1.1807, 0.3604 0.6736 1.1807, 0.3428 0.6397 1.1807, 0.5434 0.376 1.1807, 0.5497 0.4732 1.1807, 0.4376 0.7149 1.1807, 0.4471 0.7144 1.1807, 0.4652 0.7106 1.1807, 0.4841 0.7016 1.1807, 0.499 0.6889 1.1807, 0.5161 0.6653 1.1807, 0.5305 0.6316 1.1807, 0.5451 0.561 1.1807, 0.3262 0.574 1.1807, 0.3192 0.4704 1.1807, 0.3192 0.4694 1.1807, 0.3237 0.3877 1.1807, 0.3384 0.3207 1.1807, 0.3524 0.2894 1.1807, 0.3705 0.2654 1.1807, 0.3872 0.2523 1.1807, 0.4051 0.2441 1.1807, 0.4252 0.2401 1.1807, 0.4353 0.2396 1.1807, 0.3192 0.4694 1.1811, 0.3192 0.4704 1.1811, 0.3262 0.574 1.1811, 0.3428 0.6397 1.1811, 0.3604 0.6736 1.1811, 0.3771 0.6927 1.1811, 0.3942 0.7047 1.1811, 0.4129 0.7119 1.1811, 0.4376 0.7149 1.1811, 0.4471 0.7144 1.1811, 0.4652 0.7106 1.1811, 0.4841 0.7016 1.1811, 0.499 0.6889 1.1811, 0.5161 0.6653 1.1811, 0.5305 0.6316 1.1811, 0.5451 0.561 1.1811, 0.5497 0.4732 1.1811, 0.5434 0.376 1.1811, 0.5277 0.313 1.1811, 0.5111 0.2806 1.1811, 0.4945 0.2614 1.1811, 0.4775 0.2495 1.1811, 0.4591 0.2423 1.1811, 0.4353 0.2396 1.1811, 0.4252 0.2401 1.1811, 0.4051 0.2441 1.1811, 0.3872 0.2523 1.1811, 0.3705 0.2654 1.1811, 0.3524 0.2894 1.1811, 0.3384 0.3207 1.1811, 0.3237 0.3877 1.1811, -0.0231 0.1748 1.1811, -0.0231 0.1748 1.1807, -0.0406 0.1767 1.1811, -0.076 0.1805 1.1807, -0.076 0.1805 1.1811, -0.1202 0.1961 1.1807, -0.1202 0.1961 1.1811, -0.1569 0.22 1.1807, -0.1569 0.22 1.1811, -0.1827 0.2482 1.1807, -0.1827 0.2482 1.1811, -0.2019 0.2832 1.1807, -0.2019 0.2832 1.1811, -0.2122 0.3237 1.1807, -0.2122 0.3237 1.1811, -0.2137 0.3476 1.1807, -0.2137 0.3476 1.1811, -0.0998 0.5018 1.1807, -0.0998 0.5018 1.1811, -0.1384 0.4824 1.1811, -0.1384 0.4824 1.1807, -0.1444 0.4772 1.1811, -0.1711 0.4542 1.1807, -0.1711 0.4542 1.1811, -0.195 0.4206 1.1811, -0.195 0.4206 1.1807, -0.2084 0.3877 1.1811, -0.2084 0.3877 1.1807, -0.1849 0.6299 1.1807, -0.1849 0.6299 1.1811, -0.1836 0.6121 1.1811, -0.1836 0.6121 1.1807, -0.1765 0.5845 1.1811, -0.1765 0.5845 1.1807, -0.1617 0.5564 1.1811, -0.1617 0.5564 1.1807, -0.1375 0.5286 1.1811, -0.1375 0.5286 1.1807, -0.042 0.7781 1.1807, -0.0159 0.7797 1.1807, -0.0406 0.7782 1.1811, -0.0159 0.7797 1.1811, -0.042 0.7781 1.1811, -0.085 0.7676 1.1811, -0.085 0.7676 1.1807, -0.1184 0.7507 1.1811, -0.1184 0.7507 1.1807, -0.1459 0.7279 1.1811, -0.1459 0.7279 1.1807, -0.1668 0.6997 1.1811, -0.1668 0.6997 1.1807, -0.1797 0.6687 1.1811, -0.1797 0.6687 1.1807, 0.1536 0.6299 1.1807, 0.1536 0.6299 1.1811, 0.1512 0.6568 1.1811, 0.1512 0.6568 1.1807, 0.1421 0.6868 1.1811, 0.1421 0.6868 1.1807, 0.1246 0.7166 1.1811, 0.1246 0.7166 1.1807, 0.1016 0.7405 1.1811, 0.1016 0.7405 1.1807, 0.072 0.7596 1.1811, 0.072 0.7596 1.1807, 0.032 0.7743 1.1811, 0.032 0.7743 1.1807, 0.0693 0.5018 1.1807, 0.0693 0.5018 1.1811, 0.0842 0.5109 1.1811, 0.0842 0.5109 1.1807, 0.1142 0.5362 1.1811, 0.1142 0.5362 1.1807, 0.1348 0.5633 1.1811, 0.1348 0.5633 1.1807, 0.1489 0.5956 1.1811, 0.1489 0.5956 1.1807, 0.1039 0.4814 1.1807, 0.168 0.3476 1.1807, 0.168 0.3476 1.1811, 0.1657 0.376 1.1811, 0.1657 0.376 1.1807, 0.155 0.4131 1.1811, 0.155 0.4131 1.1807, 0.1319 0.453 1.1811, 0.1319 0.453 1.1807, 0.108 0.4772 1.1811, 0.1039 0.4814 1.1811, 0.0159 0.1777 1.1811, 0.0159 0.1777 1.1807, 0.0611 0.1901 1.1811, 0.0611 0.1901 1.1807, 0.0967 0.2086 1.1811, 0.0967 0.2086 1.1807, 0.1274 0.2354 1.1811, 0.1274 0.2354 1.1807, 0.1497 0.2683 1.1811, 0.1497 0.2683 1.1807, 0.1628 0.3032 1.1811, 0.1628 0.3032 1.1807, 0.0254 0.5382 1.1807, 0.0075 0.5308 1.1807, -0.0162 0.5276 1.1807, -0.0401 0.5308 1.1807, 0.0253 0.4544 1.1807, 0.0504 0.4406 1.1807, 0.096 0.3514 1.1807, 0.0923 0.3809 1.1807, 0.0837 0.4027 1.1807, 0.0694 0.4231 1.1807, 0.0425 0.5506 1.1807, 0.06 0.5712 1.1807, 0.0692 0.5903 1.1807, 0.0739 0.6118 1.1807, 0.0744 0.6216 1.1807, 0.0714 0.6468 1.1807, 0.0637 0.6669 1.1807, 0.0512 0.685 1.1807, 0.041 0.6949 1.1807, 0.0245 0.7059 1.1807, -0.0809 0.4503 1.1807, -0.1026 0.4362 1.1807, -0.1183 0.4205 1.1807, -0.1312 0.4003 1.1807, -0.1391 0.3767 1.1807, -0.1417 0.3514 1.1807, -0.1387 0.3221 1.1807, -0.1309 0.2995 1.1807, -0.119 0.2805 1.1807, -0.0992 0.2616 1.1807, -0.076 0.2489 1.1807, -0.0507 0.2418 1.1807, -0.0232 0.2396 1.1807, 0.009 0.2429 1.1807, 0.0354 0.2519 1.1807, 0.0571 0.2658 1.1807, 0.073 0.2817 1.1807, 0.0849 0.3004 1.1807, 0.0927 0.3223 1.1807, -0.0551 0.4595 1.1807, -0.0232 0.4628 1.1807, -0.0026 0.4615 1.1807, -0.0593 0.5389 1.1807, -0.075 0.5506 1.1807, -0.0819 0.5578 1.1807, -0.0948 0.5762 1.1807, -0.1026 0.5961 1.1807, -0.1057 0.6216 1.1807, -0.1038 0.6428 1.1807, 0.0042 0.7129 1.1807, -0.0162 0.7149 1.1807, -0.0398 0.7121 1.1807, -0.0575 0.7055 1.1807, -0.0739 0.6944 1.1807, -0.0872 0.6802 1.1807, -0.0975 0.6629 1.1807, -0.1417 0.3514 1.1811, -0.1391 0.3767 1.1811, -0.1312 0.4003 1.1811, -0.1183 0.4205 1.1811, -0.1026 0.4362 1.1811, -0.0809 0.4503 1.1811, -0.0551 0.4595 1.1811, -0.0232 0.4628 1.1811, -0.0026 0.4615 1.1811, 0.0253 0.4544 1.1811, 0.0504 0.4406 1.1811, 0.0694 0.4231 1.1811, 0.0837 0.4027 1.1811, 0.0923 0.3809 1.1811, 0.096 0.3514 1.1811, 0.0927 0.3223 1.1811, 0.0849 0.3004 1.1811, 0.073 0.2817 1.1811, 0.0571 0.2658 1.1811, 0.0354 0.2519 1.1811, 0.009 0.2429 1.1811, -0.0232 0.2396 1.1811, -0.0507 0.2418 1.1811, -0.076 0.2489 1.1811, -0.0992 0.2616 1.1811, -0.119 0.2805 1.1811, -0.1309 0.2995 1.1811, -0.1387 0.3221 1.1811, -0.1057 0.6216 1.1811, -0.1038 0.6428 1.1811, -0.0975 0.6629 1.1811, -0.0872 0.6802 1.1811, -0.0739 0.6944 1.1811, -0.0575 0.7055 1.1811, -0.0398 0.7121 1.1811, -0.0162 0.7149 1.1811, 0.0042 0.7129 1.1811, 0.0245 0.7059 1.1811, 0.041 0.6949 1.1811, 0.0512 0.685 1.1811, 0.0637 0.6669 1.1811, 0.0714 0.6468 1.1811, 0.0744 0.6216 1.1811, 0.0739 0.6118 1.1811, 0.0692 0.5903 1.1811, 0.06 0.5712 1.1811, 0.0425 0.5506 1.1811, 0.0254 0.5382 1.1811, 0.0075 0.5308 1.1811, -0.0162 0.5276 1.1811, -0.0401 0.5308 1.1811, -0.0593 0.5389 1.1811, -0.075 0.5506 1.1811, -0.0819 0.5578 1.1811, -0.0948 0.5762 1.1811, -0.1026 0.5961 1.1811, -0.1026 0.5961 1.1811
            ]
        }
        coordIndex [
            0,1,2,-1,2,1,3,-1,4,5,6,-1,4,6,7,-1,7,6,8,-1,7,8,9,-1,8,10,9,-1,9,10,11,-1,9,11,12,-1,12,11,3,-1,12,3,1,-1,4,13,5,-1,5,13,14,-1,15,16,17,-1,15,17,18,-1,18,17,19,-1,18,19,20,-1,20,19,21,-1,20,21,22,-1,21,23,22,-1,22,23,24,-1,22,24,25,-1,25,24,14,-1,25,14,13,-1,16,15,26,-1,26,15,27,-1,26,27,28,-1,27,29,28,-1,28,29,30,-1,30,29,31,-1,31,29,0,-1,31,0,2,-1,13,4,25,-1,25,4,7,-1,25,7,22,-1,22,7,9,-1,22,9,20,-1,20,9,12,-1,20,12,18,-1,18,12,1,-1,18,1,15,-1,15,1,0,-1,15,0,27,-1,27,0,29,-1,32,33,34,-1,34,33,35,-1,33,36,35,-1,35,36,37,-1,38,39,40,-1,38,40,41,-1,41,40,37,-1,41,37,36,-1,38,42,39,-1,39,42,43,-1,44,45,46,-1,44,46,47,-1,47,46,43,-1,47,43,42,-1,45,44,48,-1,48,44,49,-1,48,49,50,-1,49,51,50,-1,50,51,52,-1,51,53,52,-1,52,53,54,-1,55,56,57,-1,55,57,58,-1,58,57,54,-1,58,54,53,-1,55,59,56,-1,56,59,60,-1,61,62,63,-1,61,63,64,-1,64,63,60,-1,64,60,59,-1,61,65,62,-1,62,65,66,-1,66,65,67,-1,67,65,68,-1,67,68,69,-1,68,70,69,-1,69,70,71,-1,71,70,72,-1,72,70,73,-1,72,73,74,-1,73,75,74,-1,74,75,76,-1,77,78,79,-1,77,79,80,-1,80,79,76,-1,80,76,75,-1,77,81,78,-1,78,81,82,-1,83,84,85,-1,83,85,86,-1,86,85,82,-1,86,82,81,-1,84,83,87,-1,87,83,88,-1,87,88,89,-1,88,90,89,-1,89,90,91,-1,90,32,91,-1,91,32,34,-1,33,32,36,-1,36,32,90,-1,36,90,41,-1,41,90,38,-1,68,65,70,-1,70,65,61,-1,61,64,70,-1,70,64,59,-1,70,59,73,-1,73,59,55,-1,77,51,81,-1,81,51,49,-1,81,49,86,-1,86,49,83,-1,38,90,42,-1,42,90,88,-1,42,88,47,-1,77,80,51,-1,51,80,75,-1,51,75,53,-1,53,75,73,-1,53,73,58,-1,58,73,55,-1,83,49,88,-1,88,49,44,-1,88,44,47,-1,92,93,94,-1,92,94,95,-1,95,94,96,-1,95,96,97,-1,97,96,98,-1,97,98,99,-1,99,98,100,-1,99,100,101,-1,101,100,102,-1,101,102,103,-1,103,102,104,-1,103,104,105,-1,105,104,106,-1,105,106,107,-1,107,106,108,-1,108,106,109,-1,108,109,110,-1,111,112,113,-1,113,112,114,-1,113,115,111,-1,111,115,116,-1,111,116,117,-1,117,116,118,-1,117,118,119,-1,119,118,120,-1,119,120,121,-1,121,120,122,-1,121,122,123,-1,123,122,124,-1,123,124,125,-1,125,124,126,-1,125,126,127,-1,127,126,128,-1,127,128,92,-1,92,128,93,-1,129,130,131,-1,129,131,132,-1,132,131,133,-1,132,133,134,-1,134,133,135,-1,134,135,136,-1,136,135,137,-1,136,137,138,-1,138,137,139,-1,138,139,140,-1,140,139,141,-1,140,141,142,-1,142,141,143,-1,142,143,144,-1,144,143,114,-1,144,114,112,-1,130,129,145,-1,145,129,146,-1,145,146,147,-1,147,146,148,-1,147,148,149,-1,149,148,150,-1,149,150,151,-1,151,150,152,-1,151,152,153,-1,153,152,154,-1,153,154,155,-1,155,154,156,-1,155,156,157,-1,157,156,158,-1,157,158,159,-1,159,158,108,-1,159,108,110,-1,108,158,160,-1,160,158,161,-1,161,158,156,-1,161,156,162,-1,162,156,154,-1,162,154,163,-1,163,154,152,-1,163,152,164,-1,112,111,165,-1,165,111,166,-1,166,111,117,-1,166,117,167,-1,167,117,119,-1,167,119,168,-1,168,119,121,-1,168,121,169,-1,152,150,164,-1,164,150,148,-1,164,148,170,-1,170,148,146,-1,170,146,171,-1,165,172,112,-1,112,172,173,-1,112,173,144,-1,144,173,174,-1,144,174,142,-1,142,174,175,-1,142,175,140,-1,140,175,176,-1,140,176,138,-1,138,176,177,-1,138,177,136,-1,136,177,178,-1,136,178,134,-1,134,178,179,-1,134,179,132,-1,132,179,171,-1,132,171,129,-1,129,171,146,-1,121,123,169,-1,169,123,125,-1,169,125,180,-1,180,125,127,-1,180,127,181,-1,181,127,92,-1,181,92,182,-1,182,92,95,-1,182,95,183,-1,183,95,97,-1,183,97,184,-1,184,97,99,-1,184,99,185,-1,185,99,101,-1,185,101,186,-1,186,101,103,-1,186,103,187,-1,187,103,105,-1,187,105,188,-1,188,105,107,-1,188,107,189,-1,189,107,108,-1,189,108,190,-1,190,108,160,-1,182,191,192,-1,182,192,181,-1,181,192,193,-1,181,193,180,-1,180,193,194,-1,180,194,169,-1,169,194,195,-1,169,195,168,-1,168,195,196,-1,168,196,167,-1,167,196,197,-1,167,197,166,-1,166,197,198,-1,166,198,165,-1,165,198,199,-1,165,199,172,-1,172,199,200,-1,172,200,173,-1,173,200,201,-1,173,201,174,-1,174,201,202,-1,174,202,175,-1,175,202,203,-1,175,203,176,-1,176,203,204,-1,176,204,177,-1,177,204,205,-1,177,205,178,-1,178,205,206,-1,178,206,179,-1,179,206,207,-1,179,207,171,-1,171,207,208,-1,171,208,170,-1,170,208,209,-1,170,209,164,-1,164,209,210,-1,164,210,163,-1,163,210,211,-1,163,211,162,-1,162,211,212,-1,162,212,161,-1,161,212,213,-1,161,213,160,-1,160,213,214,-1,160,214,190,-1,190,214,215,-1,190,215,189,-1,189,215,216,-1,189,216,188,-1,188,216,217,-1,188,217,187,-1,187,217,218,-1,187,218,186,-1,186,218,219,-1,186,219,185,-1,185,219,220,-1,185,220,184,-1,184,220,221,-1,184,221,183,-1,183,221,191,-1,183,191,182,-1,222,223,224,-1,224,223,225,-1,224,225,226,-1,226,225,227,-1,226,227,228,-1,228,227,229,-1,228,229,230,-1,230,229,231,-1,230,231,232,-1,232,231,233,-1,232,233,234,-1,234,233,235,-1,234,235,236,-1,236,235,237,-1,236,237,238,-1,239,240,241,-1,239,241,242,-1,242,241,243,-1,242,243,244,-1,243,245,244,-1,244,245,246,-1,244,246,247,-1,247,246,248,-1,247,248,249,-1,249,248,238,-1,249,238,237,-1,250,251,252,-1,250,252,253,-1,253,252,254,-1,253,254,255,-1,255,254,256,-1,255,256,257,-1,257,256,258,-1,257,258,259,-1,259,258,240,-1,259,240,239,-1,260,261,262,-1,262,261,263,-1,262,264,260,-1,260,264,265,-1,260,265,266,-1,266,265,267,-1,266,267,268,-1,268,267,269,-1,268,269,270,-1,270,269,271,-1,270,271,272,-1,272,271,273,-1,272,273,274,-1,274,273,251,-1,274,251,250,-1,275,276,277,-1,275,277,278,-1,278,277,279,-1,278,279,280,-1,280,279,281,-1,280,281,282,-1,282,281,283,-1,282,283,284,-1,284,283,285,-1,284,285,286,-1,286,285,287,-1,286,287,288,-1,288,287,263,-1,288,263,261,-1,289,290,291,-1,289,291,292,-1,292,291,293,-1,292,293,294,-1,294,293,295,-1,294,295,296,-1,296,295,297,-1,296,297,298,-1,298,297,276,-1,298,276,275,-1,290,289,299,-1,300,301,302,-1,300,302,303,-1,303,302,304,-1,303,304,305,-1,305,304,306,-1,305,306,307,-1,307,306,308,-1,307,308,299,-1,299,308,309,-1,299,309,290,-1,223,222,310,-1,223,310,311,-1,311,310,312,-1,311,312,313,-1,313,312,314,-1,313,314,315,-1,315,314,316,-1,315,316,317,-1,317,316,318,-1,317,318,319,-1,319,318,320,-1,319,320,321,-1,321,320,301,-1,321,301,300,-1,322,323,289,-1,289,323,324,-1,289,324,239,-1,239,324,325,-1,289,326,299,-1,299,326,327,-1,299,327,307,-1,328,303,329,-1,329,303,305,-1,329,305,330,-1,330,305,307,-1,330,307,331,-1,331,307,327,-1,322,289,332,-1,332,289,292,-1,332,292,333,-1,333,292,294,-1,333,294,334,-1,334,294,296,-1,334,296,335,-1,335,296,298,-1,335,298,336,-1,336,298,275,-1,336,275,337,-1,275,278,337,-1,337,278,280,-1,337,280,338,-1,338,280,282,-1,338,282,339,-1,339,282,284,-1,339,284,340,-1,340,284,286,-1,340,286,341,-1,342,239,343,-1,343,239,242,-1,343,242,344,-1,344,242,244,-1,344,244,345,-1,345,244,247,-1,345,247,346,-1,346,247,249,-1,346,249,347,-1,347,249,237,-1,347,237,348,-1,348,237,235,-1,348,235,349,-1,349,235,233,-1,349,233,350,-1,350,233,231,-1,350,231,351,-1,351,231,229,-1,351,229,352,-1,352,229,227,-1,352,227,353,-1,353,227,225,-1,353,225,354,-1,354,225,223,-1,354,223,355,-1,355,223,311,-1,355,311,356,-1,356,311,313,-1,356,313,357,-1,357,313,315,-1,357,315,358,-1,358,315,317,-1,358,317,359,-1,359,317,319,-1,359,319,360,-1,360,319,321,-1,360,321,328,-1,328,321,300,-1,328,300,303,-1,342,361,239,-1,239,361,362,-1,239,362,289,-1,289,362,363,-1,289,363,326,-1,325,364,239,-1,239,364,365,-1,239,365,259,-1,259,365,366,-1,259,366,257,-1,257,366,367,-1,257,367,255,-1,255,367,368,-1,255,368,253,-1,253,368,369,-1,253,369,250,-1,250,369,370,-1,341,286,371,-1,371,286,288,-1,371,288,372,-1,372,288,261,-1,372,261,373,-1,373,261,260,-1,373,260,374,-1,374,260,266,-1,374,266,375,-1,375,266,268,-1,375,268,376,-1,376,268,270,-1,376,270,377,-1,377,270,272,-1,377,272,370,-1,370,272,274,-1,370,274,250,-1,347,378,379,-1,347,379,346,-1,346,379,380,-1,346,380,345,-1,345,380,381,-1,345,381,344,-1,344,381,382,-1,344,382,343,-1,343,382,383,-1,343,383,342,-1,342,383,384,-1,342,384,361,-1,361,384,385,-1,361,385,362,-1,362,385,386,-1,362,386,363,-1,363,386,387,-1,363,387,326,-1,326,387,388,-1,326,388,327,-1,327,388,389,-1,327,389,331,-1,331,389,390,-1,331,390,330,-1,330,390,391,-1,330,391,329,-1,329,391,392,-1,329,392,328,-1,328,392,393,-1,328,393,360,-1,360,393,394,-1,360,394,359,-1,359,394,395,-1,359,395,358,-1,358,395,396,-1,358,396,357,-1,357,396,397,-1,357,397,356,-1,356,397,398,-1,356,398,355,-1,355,398,399,-1,355,399,354,-1,354,399,400,-1,354,400,353,-1,353,400,401,-1,353,401,352,-1,352,401,402,-1,352,402,351,-1,351,402,403,-1,351,403,350,-1,350,403,404,-1,350,404,349,-1,349,404,405,-1,349,405,348,-1,348,405,378,-1,348,378,347,-1,369,406,407,-1,369,407,370,-1,370,407,408,-1,370,408,377,-1,377,408,409,-1,377,409,376,-1,376,409,410,-1,376,410,375,-1,375,410,411,-1,375,411,374,-1,374,411,412,-1,374,412,373,-1,373,412,413,-1,373,413,372,-1,372,413,414,-1,372,414,371,-1,371,414,415,-1,371,415,341,-1,341,415,416,-1,341,416,340,-1,340,416,417,-1,340,417,339,-1,339,417,418,-1,339,418,338,-1,338,418,419,-1,338,419,337,-1,337,419,420,-1,337,420,336,-1,336,420,421,-1,336,421,335,-1,335,421,422,-1,335,422,334,-1,334,422,423,-1,334,423,333,-1,333,423,424,-1,333,424,332,-1,332,424,425,-1,332,425,322,-1,322,425,426,-1,322,426,323,-1,323,426,427,-1,323,427,324,-1,324,427,428,-1,324,428,325,-1,325,428,429,-1,325,429,364,-1,364,429,430,-1,364,430,365,-1,365,430,431,-1,365,431,366,-1,366,431,432,-1,366,432,367,-1,367,432,433,-1,367,433,368,-1,368,433,406,-1,368,406,369,-1,
        ]
    }
}
Shape{
    appearance Appearance {
        material  Material 	{
            diffuseColor 0.5019607843137255 0.5019607843137255 0.5019607843137255
            specularColor 0.25098039215686274 0.25098039215686274 0.25098039215686274
            ambientIntensity 0.2
            transparency 0
            shininess 0.5
        }
    }
    geometry IndexedFaceSet {
        ccw TRUE
        solid FALSE
        coord DEF co Coordinate {
            point [
                -0.0507 0.2418 1.1811, -0.0232 0.2396 1.1811, -0.0232 0.4628 1.1811, 0.0849 0.3004 1.1811, 0.0694 0.4231 1.1811, 0.073 0.2817 1.1811, 0.0504 0.4406 1.1811, -0.0026 0.4615 1.1811, 0.009 0.2429 1.1811, 0.0354 0.2519 1.1811, 0.0571 0.2658 1.1811, 0.0253 0.4544 1.1811, -0.0551 0.4595 1.1811, -0.1417 0.3514 1.1811, -0.0809 0.4503 1.1811, -0.1026 0.4362 1.1811, -0.1183 0.4205 1.1811, -0.1391 0.3767 1.1811, -0.1312 0.4003 1.1811, 0.0927 0.3223 1.1811, 0.096 0.3514 1.1811, 0.0837 0.4027 1.1811, 0.0923 0.3809 1.1811, -0.1387 0.3221 1.1811, -0.1309 0.2995 1.1811, -0.119 0.2805 1.1811, -0.0992 0.2616 1.1811, -0.076 0.2489 1.1811, -0.3578 0.3653 1.1811, -0.3609 0.4017 1.1811, -0.581 0.3783 1.1811, -0.3692 0.4301 1.1811, -0.3817 0.4522 1.1811, -0.3911 0.4632 1.1811, -0.4071 0.476 1.1811, -0.4263 0.4852 1.1811, -0.5648 0.3042 1.1811, -0.5458 0.2752 1.1811, -0.3604 0.3346 1.1811, -0.3683 0.3071 1.1811, -0.4675 0.2396 1.1811, -0.4884 0.2414 1.1811, -0.4497 0.4905 1.1811, -0.4683 0.4916 1.1811, -0.5804 0.3919 1.1811, -0.4976 0.4884 1.1811, -0.5204 0.4802 1.1811, -0.5766 0.3377 1.1811, -0.5288 0.259 1.1811, -0.51 0.248 1.1811, -0.439 0.243 1.1811, -0.4183 0.2507 1.1811, -0.3992 0.2638 1.1811, -0.5417 0.4659 1.1811, -0.561 0.4442 1.1811, -0.5742 0.4187 1.1811, -0.3813 0.2834 1.1811, 0.7523 -0.036 1.1811, 0.7446 -0.016 1.1811, 0.5989 -0.125 1.1811, 0.7501 -0.0925 1.1811, 0.7547 -0.071 1.1811, 0.6059 -0.1322 1.1811, 0.732 0.0022 1.1811, 0.7219 0.0121 1.1811, 0.586 -0.1066 1.1811, 0.5782 -0.0867 1.1811, 0.7063 -0.1447 1.1811, 0.7234 -0.1322 1.1811, 0.6216 -0.1439 1.1811, 0.7552 -0.0612 1.1811, 0.7409 -0.1116 1.1811, 0.7053 0.0231 1.1811, 0.5771 -0.04 1.1811, 0.5752 -0.0612 1.1811, 0.685 0.03 1.1811, 0.6646 0.0321 1.1811, 0.5834 -0.0199 1.1811, 0.5937 -0.0026 1.1811, 0.6411 0.0293 1.1811, 0.6234 0.0227 1.1811, 0.6069 0.0116 1.1811, 0.6408 -0.152 1.1811, 0.6646 -0.1552 1.1811, 0.6884 -0.152 1.1811, 0.5434 0.376 1.1811, 0.5497 0.4732 1.1811, 0.4353 0.2396 1.1811, 0.3192 0.4704 1.1811, 0.3262 0.574 1.1811, 0.5451 0.561 1.1811, 0.3428 0.6397 1.1811, 0.4376 0.7149 1.1811, 0.4471 0.7144 1.1811, 0.3192 0.4694 1.1811, 0.3237 0.3877 1.1811, 0.3384 0.3207 1.1811, 0.5277 0.313 1.1811, 0.5305 0.6316 1.1811, 0.5161 0.6653 1.1811, 0.499 0.6889 1.1811, 0.4129 0.7119 1.1811, 0.3942 0.7047 1.1811, 0.4841 0.7016 1.1811, 0.4652 0.7106 1.1811, 0.3771 0.6927 1.1811, 0.3604 0.6736 1.1811, 0.3524 0.2894 1.1811, 0.3705 0.2654 1.1811, 0.3872 0.2523 1.1811, 0.4051 0.2441 1.1811, 0.4252 0.2401 1.1811, 0.4591 0.2423 1.1811, 0.4775 0.2495 1.1811, 0.4945 0.2614 1.1811, 0.5111 0.2806 1.1811, 0.0714 0.6468 1.1811, 0.0637 0.6669 1.1811, -0.0819 0.5578 1.1811, 0.0692 0.5903 1.1811, 0.0739 0.6118 1.1811, -0.075 0.5506 1.1811, 0.0512 0.685 1.1811, 0.041 0.6949 1.1811, -0.0948 0.5762 1.1811, -0.1026 0.5961 1.1811, 0.0254 0.5382 1.1811, 0.0425 0.5506 1.1811, -0.0593 0.5389 1.1811, 0.0744 0.6216 1.1811, 0.06 0.5712 1.1811, 0.0245 0.7059 1.1811, -0.1038 0.6428 1.1811, -0.1057 0.6216 1.1811, 0.0042 0.7129 1.1811, -0.0162 0.7149 1.1811, -0.0975 0.6629 1.1811, -0.0872 0.6802 1.1811, -0.0398 0.7121 1.1811, -0.0575 0.7055 1.1811, -0.0739 0.6944 1.1811, -0.0401 0.5308 1.1811, -0.0162 0.5276 1.1811, 0.0075 0.5308 1.1811, 0.0075 0.5308 1.1811
            ]
        }
        coordIndex [
            0,1,2,-1,3,4,5,-1,5,4,6,-1,2,1,7,-1,7,1,8,-1,7,8,9,-1,9,10,7,-1,7,10,5,-1,7,5,11,-1,11,5,6,-1,2,12,13,-1,13,12,14,-1,14,15,13,-1,13,15,16,-1,13,16,17,-1,17,16,18,-1,3,19,4,-1,4,19,20,-1,4,20,21,-1,21,20,22,-1,13,23,2,-1,2,23,24,-1,2,24,25,-1,25,26,2,-1,2,26,27,-1,2,27,0,-1,28,29,30,-1,30,29,31,-1,30,31,32,-1,32,33,30,-1,30,33,34,-1,30,34,35,-1,36,37,38,-1,39,38,40,-1,40,38,41,-1,35,42,30,-1,30,42,43,-1,30,43,44,-1,44,43,45,-1,44,45,46,-1,28,30,38,-1,38,30,47,-1,38,47,36,-1,37,48,38,-1,38,48,49,-1,38,49,41,-1,50,51,52,-1,46,53,44,-1,44,53,54,-1,44,54,55,-1,50,52,40,-1,40,52,56,-1,40,56,39,-1,57,58,59,-1,60,61,62,-1,58,63,59,-1,59,63,64,-1,59,64,65,-1,65,64,66,-1,67,68,69,-1,62,61,59,-1,59,61,70,-1,59,70,57,-1,69,68,62,-1,62,68,71,-1,62,71,60,-1,72,73,64,-1,64,73,74,-1,64,74,66,-1,72,75,73,-1,73,75,76,-1,73,76,77,-1,77,76,78,-1,79,80,76,-1,76,80,81,-1,76,81,78,-1,82,83,69,-1,69,83,84,-1,69,84,67,-1,85,86,87,-1,88,86,89,-1,89,86,90,-1,91,89,92,-1,92,89,93,-1,88,94,86,-1,86,94,95,-1,86,95,96,-1,85,87,97,-1,90,98,89,-1,89,98,99,-1,89,99,100,-1,92,101,102,-1,100,103,89,-1,89,103,104,-1,89,104,93,-1,102,105,92,-1,92,105,106,-1,92,106,91,-1,96,107,86,-1,86,107,108,-1,86,108,109,-1,109,110,86,-1,86,110,111,-1,86,111,87,-1,87,112,113,-1,113,114,87,-1,87,114,115,-1,87,115,97,-1,116,117,118,-1,119,120,121,-1,117,122,118,-1,118,122,123,-1,118,123,124,-1,124,123,125,-1,126,127,128,-1,121,120,118,-1,118,120,129,-1,118,129,116,-1,128,127,121,-1,121,127,130,-1,121,130,119,-1,131,132,123,-1,123,132,133,-1,123,133,125,-1,131,134,132,-1,132,134,135,-1,132,135,136,-1,136,135,137,-1,138,139,135,-1,135,139,140,-1,135,140,137,-1,141,142,128,-1,128,142,143,-1,128,143,126,-1,
        ]
    }
}